Name,Label,Owner,Ownership,Proof,Shanai,Kodomo,Type,Subtype,Add1,Add2,Y,X,url,TEL,FAX,Full,AgeS,AgeE,Open,Close,H24,Memo,Extra,Temp,Holiday,Night,admitte0,admitte1,admitte2,admitte3,admitte4,admitte5,entry0,entry1,entry2,entry3,entry4,entry5,Vacancy,VacancyDate
保育施設名称,保育施設名称（ラベル表示用）,保育施設設置者（会社名、代表者名等）,保育施設の所有権（公立、私立等）,施設指導監督基準を満たす証明書発行済み（認可外保育所）：Y,事業所内保育所：Y,こども園：Y,保育施設種別（認可保育所、認可外保育所、幼稚園等）,,保育施設住所１,保育施設住所２,緯度,経度,保育施設公式サイトアドレス,電話番号,FAX番号,定員,保育開始年齢,保育終了年齢,保育施設開園時間,保育施設終園時間（延長保育を含む）,24時間保育対応：Y,備考（延長保育の時間等）,延長保育あり：Y,一時保育あり：Y,休日保育あり：Y,夜間保育あり：Y,募集人数（0歳),募集人数(1歳),募集人数（2歳),募集人数（3歳),募集人数（4歳),募集人数（5歳),申込状況(0歳),申込状況(1歳),申込状況(2歳),申込状況(3歳),申込状況(4歳),申込状況(5歳),認可保育所欠員あり：Y,認可保育所欠員状況取得日
南保育園,南保育園,浜松市,公立,,N,N,認可保育所,認可保育所,浜松市中区浅田町73-39,,34.695824,137.735759,https://www.hamamatsu-pippi.net/shiritai/nin_koritsu/2014021907802/,053-452-1413,,120,産休明,,7:00,19:00,,,Y,,,,0,1,1,0,1,1,2,1,0,0,0,0,,2021年6月30日
鴨江保育園,鴨江保育園,浜松市,公立,,N,N,認可保育所,認可保育所,浜松市中区鴨江二丁目8-1,,34.704819,137.715496,https://www.hamamatsu-pippi.net/shiritai/nin_koritsu/2014021907697/,053-453-1206,,140,産休明,,7:30,19:00,,,Y,,,,0,0,0,0,0,0,0,4,2,0,0,2,,2021年6月30日
花川保育園,花川保育園,浜松市,公立,,N,N,認可保育所,認可保育所,浜松市中区西丘町1000,,34.777054,137.699133,https://www.hamamatsu-pippi.net/shiritai/nin_koritsu/2014021907932/,053-436-1205,,80,産休明,,7:30,19:00,,,Y,,,,0,0,4,1,2,1,2,0,0,0,1,0,,2021年6月30日
江西保育園,江西保育園,浜松市,公立,,N,N,認可保育所,認可保育所,浜松市中区神田町176,,34.686897,137.725299,https://www.hamamatsu-pippi.net/shiritai/nin_koritsu/2014021907796/,053-441-8121,,110,産休明,,7:30,19:00,,,Y,,,,0,0,1,2,1,3,4,1,0,1,0,0,,2021年6月30日
権現谷保育園,権現谷保育園,浜松市,公立,,N,N,認可保育所,認可保育所,浜松市中区富塚町1480-1,,34.731056,137.708662,https://www.hamamatsu-pippi.net/shiritai/nin_koritsu/2014021907789/,053-474-2765,,140,産休明,,7:30,19:00,,,Y,,,,0,0,0,0,0,0,1,4,1,0,0,0,,2021年6月30日
佐鳴台保育園,佐鳴台保育園,浜松市,公立,,N,N,認可保育所,認可保育所,浜松市中区佐鳴台三丁目30-1,,34.706882,137.696942,https://www.hamamatsu-pippi.net/shiritai/nin_koritsu/2014021907772/,053-449-0744,,140,産休明,,7:30,19:00,,,Y,,,,0,0,0,0,0,0,5,3,0,0,1,0,,2021年6月30日
寺島保育園,寺島保育園,浜松市,公立,,N,N,認可保育所,認可保育所,浜松市中区寺島町285-5,,34.699861,137.741881,https://www.hamamatsu-pippi.net/shiritai/nin_koritsu/2014021907758/,053-456-3248,,130,産休明,,7:30,19:00,,,Y,,,,0,0,1,1,0,0,3,0,0,0,0,0,,2021年6月30日
西保育園,西保育園,浜松市,公立,,N,N,認可保育所,認可保育所,浜松市中区布橋二丁目4-17,,34.721792,137.714251,https://www.hamamatsu-pippi.net/shiritai/nin_koritsu/2014021907710/,053-474-6322,,110,産休明,,7:00,19:00,,,Y,,,,0,0,0,1,0,0,1,1,0,0,0,0,,2021年6月30日
中ノ町保育園,中ノ町保育園,浜松市,公立,,N,N,認可保育所,認可保育所,浜松市東区中野町2598-2,,34.731844,137.800831,https://www.hamamatsu-pippi.net/shiritai/nin_koritsu/2014021908007/,053-421-0327,,80,産休明,,7:30,19:00,,,Y,,,,0,0,0,0,0,0,2,4,0,1,1,1,,2021年6月30日
積志保育園,積志保育園,浜松市,公立,,N,N,認可保育所,認可保育所,浜松市東区有玉北町1264,,34.764119,137.760993,https://www.hamamatsu-pippi.net/shiritai/nin_koritsu/2014021908090/,053-434-0138,,120,産休明,,7:30,19:00,,,Y,,,,0,0,0,0,0,0,0,0,4,0,0,0,,2021年6月30日
笠井保育園,笠井保育園,浜松市,公立,,N,N,認可保育所,認可保育所,浜松市東区笠井町1284,,34.766683,137.791347,https://www.hamamatsu-pippi.net/shiritai/nin_koritsu/2014021908052/,053-434-1636,,90,産休明,,7:00,19:00,,,Y,,,,0,0,0,0,0,0,1,6,2,1,0,0,,2021年6月30日
神田原保育園,神田原保育園,浜松市,公立,,N,N,認可保育所,認可保育所,浜松市西区西山町2150-2,,34.739684,137.683356,https://www.hamamatsu-pippi.net/shiritai/nin_koritsu/2014021908144/,053-485-8550,,100,産休明,,7:30,19:00,,,Y,,,,0,0,1,1,5,4,3,0,1,0,0,0,,2021年6月30日
舞阪第1保育園,舞阪第1保育園,浜松市,公立,,N,N,認可保育所,認可保育所,浜松市西区舞阪町弁天島3885,,34.692889,137.604046,https://www.hamamatsu-pippi.net/shiritai/nin_koritsu/2014021908236/,053-592-0004,,80,産休明,,7:00,18:30,,,Y,,,,0,2,0,1,1,1,0,0,0,0,0,0,,2021年6月30日
舞阪第2保育園,舞阪第2保育園,浜松市,公立,,N,N,認可保育所,認可保育所,浜松市西区舞阪町舞阪2659-3,,34.683246,137.613663,https://www.hamamatsu-pippi.net/shiritai/nin_koritsu/2014021908243/,053-592-3552,,90,産休明,,7:00,18:30,,,Y,,,,0,0,0,0,0,2,0,0,0,0,0,0,,2021年6月30日
雄踏保育園,雄踏保育園,浜松市,公立,,N,N,認可保育所,認可保育所,浜松市西区雄踏町宇布見5461,,34.702455,137.636823,https://www.hamamatsu-pippi.net/shiritai/nin_koritsu/2014021908229/,053-592-0502,,140,産休明,,7:00,18:30,,,Y,,,,0,1,0,1,0,0,4,0,0,0,0,0,,2021年6月30日
可美保育園,可美保育園,浜松市,公立,,N,N,認可保育所,認可保育所,浜松市南区若林町70-1,,34.686192,137.701261,https://www.hamamatsu-pippi.net/shiritai/nin_koritsu/2014021908267/,053-447-0713,,150,産休明,,7:30,19:00,,,Y,,,,0,0,1,0,0,0,2,3,0,0,0,1,,2021年6月30日
三方原保育園,三方原保育園,浜松市,公立,,N,N,認可保育所,認可保育所,浜松市北区東三方町21-1,,34.775529,137.726315,https://www.hamamatsu-pippi.net/shiritai/nin_koritsu/2014021908380/,053-436-1208,,110,産休明,,7:30,19:00,,,Y,,,,0,0,1,1,1,1,1,1,0,0,0,0,,2021年6月30日
引佐保育園,引佐保育園,浜松市,公立,,N,N,認可保育所,認可保育所,浜松市北区引佐町井伊谷717,,34.832374,137.670788,https://www.hamamatsu-pippi.net/shiritai/nin_koritsu/2014021908441/,053-542-0268,,90,産休明,,7:15,18:45,,,Y,,,,0,0,0,0,0,1,1,1,0,1,0,0,,2021年6月30日
三ヶ日保育園,三ヶ日保育園,浜松市,公立,,N,N,認可保育所,認可保育所,浜松市北区三ヶ日町三ヶ日811-5,,34.806011,137.550700,https://www.hamamatsu-pippi.net/shiritai/nin_koritsu/2014021908458/,053-525-0955,,120,産休明,,7:30,18:30,,,N,,,,2,0,1,0,2,0,2,2,0,2,0,0,,2021年6月30日
都筑保育園,都筑保育園,浜松市,公立,,N,N,認可保育所,認可保育所,浜松市北区三ヶ日町都筑1789-6,,34.795652,137.574803,https://www.hamamatsu-pippi.net/shiritai/nin_koritsu/2014021908465/,053-526-7751,,90,産休明,,7:30,18:30,,,N,,,,0,3,1,4,8,4,0,0,0,0,0,0,,2021年6月30日
ロイコスプレスクール,ロイコスプレスクール,,私立,,N,N,認可保育所,認可保育所,浜松市中区城北二丁目16-36,,34.723668,137.719982,https://www.hamamatsu-pippi.net/shiritai/nin_shiritsu/2014021907703/,053-471-0391,,60,産休明,,7:15,18:45,,,Y,,,,0,0,0,0,0,0,0,2,0,0,0,0,,2021年6月30日
こばと保育園,こばと保育園,,私立,,N,N,認可保育所,認可保育所,浜松市中区高林四丁目14-13,,34.730117,137.732465,https://www.hamamatsu-pippi.net/shiritai/nin_shiritsu/2014021907840/,053-471-0739,,120,6カ月,,7:00,19:00,,,Y,,,,0,0,1,0,0,0,0,0,0,1,0,0,,2021年6月30日
天使園子どもの家,天使園子どもの家,,私立,,N,N,認可保育所,認可保育所,浜松市中区成子町23-1,,34.701598,137.726207,https://www.hamamatsu-pippi.net/shiritai/nin_shiritsu/2014021907765/,053-452-0203,,70,産休明,,7:25,18:55,,,Y,,,,0,0,0,1,1,0,5,4,1,0,0,0,,2021年6月30日
愛恵保育園,愛恵保育園,,私立,,N,N,認可保育所,認可保育所,浜松市中区鴨江三丁目3-37,,34.705988,137.716767,https://www.hamamatsu-pippi.net/shiritai/nin_shiritsu/2014021907680/,053-453-5526,,80,産休明,,7:00,18:30,,,Y,,,,0,0,0,1,0,0,0,3,3,0,2,1,,2021年6月30日
ヘリオスプレスクール,ヘリオスプレスクール,,私立,,N,N,認可保育所,認可保育所,浜松市中区法枝町124,,34.685860,137.727952,https://www.hamamatsu-pippi.net/shiritai/nin_shiritsu/2014021907949/,053-442-9198,,110,4カ月,,7:15,18:45,,,Y,,,,0,0,0,0,0,0,2,1,0,1,0,0,,2021年6月30日
ルンビニープレスクール,ルンビニープレスクール,,私立,,N,N,認可保育所,認可保育所,浜松市中区北寺島町160,,34.701741,137.740994,https://www.hamamatsu-pippi.net/shiritai/nin_shiritsu/2014021907741/,053-453-3568,,70,産休明,,7:00,18:30,,,Y,,,,0,0,2,0,1,0,2,2,0,0,0,0,,2021年6月30日
天林寺保育園,天林寺保育園,,私立,,N,N,認可保育所,認可保育所,浜松市中区下池川町27-1,,34.715981,137.729488,https://www.hamamatsu-pippi.net/shiritai/nin_shiritsu/2014021907727/,053-473-7718,,120,産休明,,7:15,19:00,,,Y,,,,0,0,1,0,0,0,2,5,0,3,2,2,,2021年6月30日
葵ヶ丘保育園,葵ヶ丘保育園,,私立,,N,N,認可保育所,認可保育所,浜松市中区高丘東三丁目54-18,,34.763532,137.717268,https://www.hamamatsu-pippi.net/shiritai/nin_shiritsu/2014021907864/,053-437-7952,,130,産休明,,7:00,19:00,,,Y,,,,1,0,0,0,0,0,1,2,4,0,0,0,,2021年6月30日
なのはな保育園,なのはな保育園,,私立,,N,N,認可保育所,認可保育所,浜松市中区中央三丁目4-7,,34.707735,137.741208,https://www.hamamatsu-pippi.net/shiritai/nin_shiritsu/2014021907734/,053-453-2620,,100,産休明,,7:00,19:00,,,Y,,,,0,0,1,1,0,0,6,6,0,0,1,0,,2021年6月30日
中央ながかみ保育園,中央ながかみ保育園,,私立,,N,N,認可保育所,認可保育所,浜松市中区中島二丁目7-8,,34.701625,137.746419,https://www.hamamatsu-pippi.net/shiritai/nin_shiritsu/2015031700018/,053-467-6600,,120,6カ月,,7:00,19:00,,,Y,,,,0,0,0,1,0,0,1,4,1,0,0,0,,2021年6月30日
チャイルドスクエア浜松花川,チャイルドスクエア浜松花川,,私立,,N,N,認可保育所,認可保育所,浜松市中区花川町1846,,34.774327,137.689306,https://www.hamamatsu-pippi.net/shiritai/nin_shiritsu/2019032900033/,053-414-1212,,60,産休明,,7:15,19:15,,,Y,,,,1,2,0,3,0,4,1,0,0,0,0,0,,2021年6月30日
まつのき保育園,まつのき保育園,,私立,,N,N,認可保育所,認可保育所,浜松市中区西伊場町4109-4,,34.700781,137.705835,https://www.hamamatsu-pippi.net/shiritai/nin_shiritsu/2020032500185/,053-488-6166,,110,4カ月,,7:20,18:20,,,N,,,,1,0,1,0,0,1,0,0,2,0,0,1,,2021年6月30日
ルミーナプレスクール,ルミーナプレスクール,,私立,,N,N,認可保育所,認可保育所,浜松市東区和田町315,,34.715401,137.773225,https://www.hamamatsu-pippi.net/shiritai/nin_shiritsu/2014021907987/,053-463-1278,,120,6カ月,,7:00,18:30,,,Y,,,,0,0,0,0,0,0,1,2,0,1,0,0,,2021年6月30日
みどり保育園,みどり保育園,,私立,,N,N,認可保育所,認可保育所,浜松市東区有玉西町1222,,34.762459,137.744593,https://www.hamamatsu-pippi.net/shiritai/nin_shiritsu/2014021908083/,053-433-9734,,140,産休明,,7:00,19:00,,,Y,,,,0,0,0,0,0,0,1,7,0,1,0,0,,2021年6月30日
どんぐり保育園,どんぐり保育園,,私立,,N,N,認可保育所,認可保育所,浜松市東区中郡町1872,,34.769595,137.782151,https://www.hamamatsu-pippi.net/shiritai/nin_shiritsu/2014021908069/,053-433-5330,,90,産休明,,7:20,18:30,,,Y,,,,2,0,0,0,0,0,0,1,0,0,0,0,,2021年6月30日
ながかみ保育園,ながかみ保育園,,私立,,N,N,認可保育所,認可保育所,浜松市東区中田町776,,34.736621,137.760277,https://www.hamamatsu-pippi.net/shiritai/nin_shiritsu/2014021908045/,053-411-4811,,120,産休明,,7:00,18:30,,,Y,,,,1,0,0,0,0,0,2,3,1,0,0,0,,2021年6月30日
あそび西ケ崎保育園,あそび西ケ崎保育園,,私立,,N,N,認可保育所,認可保育所,浜松市東区西ケ崎町1430,,34.775338,137.761923,https://www.hamamatsu-pippi.net/shiritai/nin_shiritsu/2015031900012/,053-589-5757,,120,産休明,,7:00,19:00,,,Y,,,,1,0,0,0,0,0,3,1,6,2,0,0,,2021年6月30日
イーエーエスはんだやま保育園,イーエーエスはんだやま保育園,,私立,,N,N,認可保育所,認可保育所,浜松市東区半田山二丁目24-3,,34.769797,137.735572,https://www.hamamatsu-pippi.net/shiritai/nin_shiritsu/2019032900040/,053-432-7076,,60,産休明,,7:00,18:30,,,Y,,,,0,1,0,1,2,1,0,0,0,0,0,0,,2021年6月30日
生命の樹保育園,生命の樹保育園,,私立,,N,N,認可保育所,認可保育所,浜松市西区神ケ谷町8291-4,,34.730049,137.683405,https://www.hamamatsu-pippi.net/shiritai/nin_shiritsu/2014021908137/,053-485-0524,,60,産休明,,7:00,18:30,,,Y,,,,1,0,0,2,1,2,0,0,0,0,0,0,,2021年6月30日
わかくさ保育園,わかくさ保育園,,私立,,N,N,認可保育所,認可保育所,浜松市西区入野町920-1,,34.697696,137.695347,https://www.hamamatsu-pippi.net/shiritai/nin_shiritsu/2014021908168/,053-448-7777,,150,産休明,,7:00,18:30,,,Y,,,,0,0,0,0,0,0,1,0,2,0,0,1,,2021年6月30日
舘山寺保育園,舘山寺保育園,,私立,,N,N,認可保育所,認可保育所,浜松市西区舘山寺町2418-1,,34.760833,137.614468,https://www.hamamatsu-pippi.net/shiritai/nin_shiritsu/2014021908212/,053-487-1611,,90,産休明,,7:00,19:00,,,Y,,,,4,0,0,0,3,0,0,0,0,0,0,0,,2021年6月30日
大平台わかくさ保育園,大平台わかくさ保育園,,私立,,N,N,認可保育所,認可保育所,浜松市西区神ケ谷町2042,,34.713835,137.676001,https://www.hamamatsu-pippi.net/shiritai/nin_shiritsu/2014021908120/,053-485-9000,,90,産休明,,7:00,18:30,,,Y,,,,0,0,0,0,0,0,4,4,6,0,2,1,,2021年6月30日
志都呂保育園,志都呂保育園,,私立,,N,N,認可保育所,認可保育所,浜松市西区志都呂一丁目3-7,,34.699575,137.664447,https://www.hamamatsu-pippi.net/shiritai/nin_shiritsu/2014021908175/,053-448-1910,,100,産休明,,7:00,19:00,,,Y,,,,1,0,0,0,0,0,1,3,2,0,1,1,,2021年6月30日
ヒーローズ浜松西保育園,ヒーローズ浜松西保育園,,私立,,N,N,認可保育所,認可保育所,浜松市西区雄踏二丁目6-21,,34.694957,137.641399,https://www.hamamatsu-pippi.net/shiritai/nin_shiritsu/2014021908663/,053-592-8236,,160,産休明,,7:00,19:00,,,Y,,,,10,7,4,4,7,7,0,1,0,0,0,0,,2021年6月30日
マーガレット保育園,マーガレット保育園,,私立,,N,N,認可保育所,認可保育所,浜松市西区坪井町4571,,34.682287,137.650015,https://www.hamamatsu-pippi.net/shiritai/nin_shiritsu/2016020500176/,053-482-7078,,90,産休明,,7:00,19:00,,,Y,,,,0,0,0,0,0,0,0,1,0,0,0,0,,2021年6月30日
伊左地保育園,伊左地保育園,,私立,,N,N,認可保育所,認可保育所,浜松市西区大人見町2966,,34.736193,137.652899,https://www.hamamatsu-pippi.net/shiritai/nin_shiritsu/2018030900076/,053-485-2700,,120,産休明,,7:00,19:00,,,Y,,,,0,0,0,0,2,0,1,0,7,0,0,0,,2021年6月30日
チャイルドスクエア浜松篠原,チャイルドスクエア浜松篠原,,私立,,N,N,認可保育所,認可保育所,浜松市西区篠原町22451,,34.682508,137.660282,https://www.hamamatsu-pippi.net/shiritai/nin_shiritsu/2020032500215/,053-415-2525,,60,産休明,,7:15,19:15,,,Y,,,,0,0,0,2,9,12,0,0,1,0,0,0,,2021年6月30日
エオスプレスクール,エオスプレスクール,,私立,,N,N,認可保育所,認可保育所,浜松市南区遠州浜四丁目1-2,,34.655564,137.776041,https://www.hamamatsu-pippi.net/shiritai/nin_shiritsu/2014021908304/,053-425-7435,,90,産休明,,7:15,18:45,,,Y,,,,0,2,1,1,1,0,0,0,0,0,0,0,,2021年6月30日
初生保育園,初生保育園,,私立,,N,N,認可保育所,認可保育所,浜松市北区東三方町185-2,,34.777622,137.733950,https://www.hamamatsu-pippi.net/shiritai/nin_shiritsu/2014021908373/,053-436-7102,,160,4カ月,,7:00,19:00,,,Y,,,,0,0,1,4,1,2,7,2,0,0,0,0,,2021年6月30日
ひまわり保育園,ひまわり保育園,,私立,,N,N,認可保育所,認可保育所,浜松市北区豊岡町317-2,,34.790974,137.734101,https://www.hamamatsu-pippi.net/shiritai/nin_shiritsu/2014021908359/,053-420-2700,,110,産休明,,7:00,19:00,,,Y,,,,3,0,0,0,0,0,1,2,1,1,0,0,,2021年6月30日
細江保育園,細江保育園,,私立,,N,N,認可保育所,認可保育所,浜松市北区細江町気賀431,,34.807446,137.652091,https://www.hamamatsu-pippi.net/shiritai/nin_shiritsu/2014021908434/,053-522-0596,,180,産休明,,7:15,19:15,,,Y,,,,1,0,0,0,0,0,0,0,0,0,0,0,,2021年6月30日
はらっぱ保育園,はらっぱ保育園,,私立,,N,N,認可保育所,認可保育所,浜松市北区三幸町440-10,,34.804003,137.724447,https://www.hamamatsu-pippi.net/shiritai/nin_shiritsu/2016020500183/,053-482-9207,,120,産休明,,7:00,19:00,,,Y,,,,2,0,1,2,0,0,0,0,0,0,0,0,,2021年6月30日
ひまわり第二保育園,ひまわり第二保育園,,私立,,N,N,認可保育所,認可保育所,浜松市北区豊岡町474-1,,34.793637,137.716714,https://www.hamamatsu-pippi.net/shiritai/nin_shiritsu/2018030900083/,053-420-8000,,120,産休明,,7:00,19:00,,,Y,,,,0,0,0,0,0,0,1,2,0,0,1,0,,2021年6月30日
たんぽぽ保育園,たんぽぽ保育園,,私立,,N,N,認可保育所,認可保育所,浜松市北区初生町33-1,,34.772182,137.713718,https://www.hamamatsu-pippi.net/shiritai/nin_shiritsu/2014021907857/,053-474-2780,,130,産休明,,7:00,18:30,,,Y,,,,2,0,0,0,0,0,0,1,1,0,0,0,,2021年6月30日
ひがしみかた保育園,ひがしみかた保育園,,私立,,N,N,認可保育所,認可保育所,浜松市北区東三方町519-5,,34.785361,137.737513,https://www.hamamatsu-pippi.net/shiritai/nin_shiritsu/2021032400253/,053-401-1231,,120,,,7:00,19:00,,,Y,,,,2,2,2,2,2,2,3,3,1,0,1,0,,2021年6月30日
チャイルドスクエア浜松三ヶ日,チャイルドスクエア浜松三ヶ日,,私立,,N,N,認可保育所,認可保育所,浜松市北区三ヶ日町三ヶ日916-70,,34.803035,137.549028,https://www.hamamatsu-pippi.net/shiritai/nin_shiritsu/2021032400345/,053-524-4188,,60,,,7:15,19:15,,,Y,,,,1,4,4,12,11,12,0,0,1,0,0,0,,2021年6月30日
れんりの子,れんりの子,,私立,,N,N,認可保育所,認可保育所,浜松市北区都田町8503-19,,34.814442,137.732644,https://www.hamamatsu-pippi.net/shiritai/nin_shiritsu/2021032400352/,053-428-3500,,60,,,7:00,19:00,,,Y,,,,0,0,0,7,9,12,0,0,0,0,0,0,,2021年6月30日
はぐみなの風保育園,はぐみなの風保育園,,私立,,N,N,認可保育所,認可保育所,浜松市北区根洗町693,,34.798104,137.702140,https://www.hamamatsu-pippi.net/shiritai/nin_shiritsu/2021032400376/,053-570-3583,,60,,,7:00,18:30,,,Y,,,,2,0,1,1,6,10,0,0,0,0,0,0,,2021年6月30日
くすのき保育園,くすのき保育園,,私立,,N,N,認可保育所,認可保育所,浜松市浜北区高畑897,,34.797783,137.798921,https://www.hamamatsu-pippi.net/shiritai/nin_shiritsu/2014021908533/,053-589-3340,,120,産休明,,7:20,18:30,,,Y,,,,0,0,0,0,0,0,1,1,3,0,0,0,,2021年6月30日
浜北西保育園,浜北西保育園,,私立,,N,N,認可保育所,認可保育所,浜松市浜北区新原4284-1,,34.813510,137.781021,https://www.hamamatsu-pippi.net/shiritai/nin_shiritsu/2016020500206/,053-585-5590,,120,産休明,,7:00,19:00,,,Y,,,,0,0,0,0,0,0,1,0,1,0,1,0,,2021年6月30日
うちのの丘。保育園,うちのの丘。保育園,,私立,,N,N,認可保育所,認可保育所,浜松市浜北区内野台二丁目13-6,,34.784740,137.750062,https://www.hamamatsu-pippi.net/shiritai/nin_shiritsu/2019032900064/,053-544-7080,,60,6カ月,,7:00,18:30,,,Y,,,,0,0,0,1,0,5,2,1,2,0,1,0,,2021年6月30日
はなのこ保育園,はなのこ保育園,,私立,,N,N,認可保育所,認可保育所,浜松市浜北区内野619-5,,34.785591,137.752081,https://www.hamamatsu-pippi.net/shiritai/nin_shiritsu/2014021908687/,053-586-3300,,90,産休明,,7:00,19:00,,,Y,,,,1,1,0,1,6,4,0,0,0,0,0,0,,2021年6月30日
ヒーローズはまきた保育園,ヒーローズはまきた保育園,,私立,,N,N,認可保育所,認可保育所,浜松市浜北区高畑474,,34.792763,137.797110,https://www.hamamatsu-pippi.net/shiritai/nin_shiritsu/2021032400383/,053-585-6161,,110,,,7:00,19:00,,,Y,,,,0,0,0,7,13,19,2,5,3,2,0,0,,2021年6月30日
あいあい保育ルーム,あいあい保育ルーム,,私立,,N,N,認可保育所,小規模保育事業,浜松市中区高丘東三丁目38-5,,34.759570,137.720340,https://www.hamamatsu-pippi.net/shiritai/chi_sho/2015030400032/,053-414-5577,,11,3カ月,,7:00,19:00,,,Y,,,,2,3,0,,,,0,0,0,,,,,2021年6月30日
託児所みんなおいで,託児所みんなおいで,,私立,,N,N,認可保育所,小規模保育事業,浜松市中区富塚町649-7,,34.729525,137.712573,https://www.hamamatsu-pippi.net/shiritai/chi_sho/2014021908731/,053-476-4486,,12,産休明,,7:00,19:00,,,Y,,,,2,2,1,,,,0,0,0,,,,,2021年6月30日
はぐみな第二保育園,はぐみな第二保育園,,私立,,N,N,認可保育所,小規模保育事業,浜松市中区葵西六丁目6-30,,34.770167,137.703111,https://www.hamamatsu-pippi.net/shiritai/chi_sho/2015030400063/,053-570-3583,,19,6カ月,,7:00,19:00,,,Y,,,,1,0,0,,,,0,0,0,,,,,2021年6月30日
ととけっこー,ととけっこー,,私立,,N,N,認可保育所,小規模保育事業,浜松市中区曳馬三丁目36-34,,34.728752,137.743725,https://www.hamamatsu-pippi.net/shiritai/chi_sho/2016020500251/,053-411-3390,,12,産休明,,7:00,18:00,,,N,,,,1,0,0,,,,1,1,1,,,,,2021年6月30日
エンゼル第二保育園,エンゼル第二保育園,,私立,,N,N,認可保育所,小規模保育事業,浜松市中区高丘東四丁目4-12,,34.757172,137.709317,https://www.hamamatsu-pippi.net/shiritai/chi_sho/2016020500268/,053-437-4108,,19,3カ月,,7:00,18:00,,,N,,,,1,0,0,,,,0,1,0,,,,,2021年6月30日
アソカ学園　城北ナーサリー,アソカ学園　城北ナーサリー,,私立,,N,N,認可保育所,小規模保育事業,浜松市中区文丘町27-22,,34.727072,137.715740,https://www.hamamatsu-pippi.net/shiritai/chi_sho/2017033000134/,053-401-1551,,19,6カ月,,7:30,18:30,,,N,,,,1,0,0,,,,0,0,0,,,,,2021年6月30日
ぬくもりのおうち保育浜松園,ぬくもりのおうち保育浜松園,,私立,,N,N,認可保育所,小規模保育事業,浜松市中区中央三丁目7-1,,34.707877,137.737941,https://www.hamamatsu-pippi.net/shiritai/chi_sho/2017033000141/,053-401-0588,,19,産休明,,7:30,19:30,,,Y,,,,0,1,0,,,,0,0,0,,,,,2021年6月30日
ハレルヤ第二愛児園,ハレルヤ第二愛児園,,私立,,N,N,認可保育所,小規模保育事業,浜松市中区花川町351,,34.778501,137.694347,https://www.hamamatsu-pippi.net/shiritai/chi_sho/2017033000158/,053-438-8996,,19,産休明,,7:00,18:00,,,N,,,,2,2,2,,,,0,0,0,,,,,2021年6月30日
保育ルーム瑞雲,保育ルーム瑞雲,,私立,,N,N,認可保育所,小規模保育事業,浜松市中区佐藤三丁目15-9,,34.713038,137.750348,https://www.hamamatsu-pippi.net/shiritai/chi_sho/2017033000165/,053-464-8000,,9,産休明,,7:00,18:00,,,N,,,,0,0,0,,,,0,0,0,,,,,2021年6月30日
みみ・あんふぁん,みみ・あんふぁん,,私立,,N,N,認可保育所,小規模保育事業,浜松市中区住吉二丁目32-3,,34.730927,137.724179,https://www.hamamatsu-pippi.net/shiritai/chi_sho/2015111200070/,053-475-6380,,12,3カ月,,7:30,19:30,,,Y,,,,4,0,1,,,,0,0,0,,,,,2021年6月30日
和敬第二愛育園,和敬第二愛育園,,私立,,N,N,認可保育所,小規模保育事業,浜松市中区高丘西二丁目34-14,,34.760824,137.700408,https://www.hamamatsu-pippi.net/shiritai/chi_sho/2017033000172/,053-437-5650,,19,6カ月,,7:30,18:30,,,N,,,,3,1,2,,,,1,0,1,,,,,2021年6月30日
第二はままつ保育園,第二はままつ保育園,,私立,,N,N,認可保育所,小規模保育事業,浜松市中区田町231-14,,34.708946,137.732585,https://www.hamamatsu-pippi.net/shiritai/chi_sho/2018030900106/,053-453-1717,,19,産休明,,7:30,19:30,,,Y,,,,1,3,3,,,,0,0,0,,,,,2021年6月30日
聖隷のあ保育園,聖隷のあ保育園,,私立,,N,N,認可保育所,小規模保育事業,浜松市中区常盤町144-6,,34.709512,137.732715,https://www.hamamatsu-pippi.net/shiritai/chi_sho/2019032500035/,053-488-5533,,19,産休明,,7:00,19:00,,,Y,,,,3,1,1,,,,0,0,0,,,,,2021年6月30日
ぬくもりのおうち保育砂山町園,ぬくもりのおうち保育砂山町園,,私立,,N,N,認可保育所,小規模保育事業,浜松市中区砂山町1091,,34.700514,137.734348,https://www.hamamatsu-pippi.net/shiritai/chi_sho/2019032500042/,053-543-7400,,12,6カ月,,7:30,19:30,,,Y,,,,0,0,0,,,,0,0,1,,,,,2021年6月30日
エンゼル第三保育園,エンゼル第三保育園,,私立,,N,N,認可保育所,小規模保育事業,浜松市中区高丘東四丁目5-39,,34.757343,137.709203,https://www.hamamatsu-pippi.net/shiritai/chi_sho/2020032800209/,053-437-4108,,19,3カ月,,7:00,18:00,,,N,,,,2,1,0,,,,0,0,0,,,,,2021年6月30日
ヒーローズ早出保育園,ヒーローズ早出保育園,,私立,,N,N,認可保育所,小規模保育事業,浜松市中区早出町1362-8,,34.727274,137.748661,https://www.hamamatsu-pippi.net/shiritai/chi_sho/2020032800179/,070-1436-6440,,19,3カ月,,7:00,19:00,,,Y,,,,2,0,1,,,,0,0,0,,,,,2021年6月30日
スクルドエンジェル保育園浜松園,スクルドエンジェル保育園浜松園,,私立,,N,N,認可保育所,小規模保育事業,浜松市中区富塚町1933-1,1B3号室,34.722018,137.698767,https://www.hamamatsu-pippi.net/shiritai/chi_sho/2020032800049/,053-525-7500,,19,産休明,,7:00,19:00,,,Y,,,,0,0,0,,,,0,0,0,,,,,2021年6月30日
ぬくもりのおうち保育　高丘園,ぬくもりのおうち保育　高丘園,,私立,,N,N,認可保育所,小規模保育事業,浜松市中区高丘東四丁目38-22,,34.760855,137.710858,https://www.hamamatsu-pippi.net/shiritai/chi_sho/2021032400109/,053-424-5955,,12,,,7:30,19:30,,,Y,,,,0,0,0,,,,0,0,0,,,,,2021年6月30日
しあわせいっぱい保育園,しあわせいっぱい保育園,,私立,,N,N,認可保育所,小規模保育事業,浜松市中区常盤町143-27,,34.710224,137.732503,https://www.hamamatsu-pippi.net/shiritai/chi_sho/2021032400031/,053-523-9261,,19,,,7:30,19:30,,,Y,,,,1,1,2,,,,0,0,0,,,,,2021年6月30日
ハグくみベビー浜松園,ハグくみベビー浜松園,,私立,,N,N,認可保育所,小規模保育事業,浜松市中区名塚町162-1,,34.702212,137.756919,https://www.hamamatsu-pippi.net/shiritai/chi_sho/2021032400048/,053-401-8932,,19,,,7:00,19:00,,,Y,,,,3,3,6,,,,0,0,0,,,,,2021年6月30日
はぐみなの息吹保育園,はぐみなの息吹保育園,,私立,,N,N,認可保育所,小規模保育事業,浜松市中区西丘町145,,34.770620,137.689574,https://www.hamamatsu-pippi.net/shiritai/chi_sho/2021032400055/,053-420-8937,,19,,,7:00,18:30,,,Y,,,,2,1,2,,,,1,0,0,,,,,2021年6月30日
ヒーローズなかじま保育園,ヒーローズなかじま保育園,,私立,,N,N,認可保育所,小規模保育事業,浜松市中区中島二丁目20-3,,34.703002,137.747652,https://www.hamamatsu-pippi.net/shiritai/chi_sho/2021033100114/,053-544-9727,,19,,,7:00,19:00,,,Y,,,,0,0,6,,,,0,0,0,,,,,2021年6月30日
LIGHT HOUSE 保育園,LIGHT HOUSE 保育園,,私立,,N,N,認可保育所,小規模保育事業,浜松市中区曳馬六丁目21-43,,34.739471,137.736176,https://www.hamamatsu-pippi.net/shiritai/chi_sho/2021032400062/,053-473-7522,,19,,,7:00,19:00,,,Y,,,,2,0,5,,,,0,0,0,,,,,2021年6月30日
ハピネス保育園,ハピネス保育園,,私立,,N,N,認可保育所,小規模保育事業,浜松市中区佐鳴台三丁目38-1,,34.706007,137.694976,https://www.hamamatsu-pippi.net/shiritai/chi_sho/2021032400079/,053-570-2475,,15,,,7:30,18:30,,,N,,,,1,1,6,,,,0,0,0,,,,,2021年6月30日
みかんの家,みかんの家,,私立,,N,N,認可保育所,小規模保育事業,浜松市中区西伊場町7-4,,34.701152,137.707939,https://www.hamamatsu-pippi.net/shiritai/chi_sho/2021032400086/,053-488-6167,,12,,,7:20,18:20,,,N,,,,0,0,0,,,,0,0,0,,,,,2021年6月30日
和敬第三愛育園,和敬第三愛育園,,私立,,N,N,認可保育所,小規模保育事業,浜松市中区高丘西二丁目34-14,,34.760824,137.700408,https://www.hamamatsu-pippi.net/shiritai/chi_sho/2021032500014/,053-488-5040,,12,,,7:30,18:30,,,N,,,,1,2,1,,,,1,0,1,,,,,2021年6月30日
つばめ保育園,つばめ保育園,,私立,,N,N,認可保育所,小規模保育事業,浜松市東区有玉西町2197-2,,34.752466,137.735856,https://www.hamamatsu-pippi.net/shiritai/chi_sho/2016020500213/,053-571-1729,,15,6カ月,,7:30,19:30,,,Y,,,,0,1,0,,,,0,0,0,,,,,2021年6月30日
それいゆ保育園,それいゆ保育園,,私立,,N,N,認可保育所,小規模保育事業,浜松市東区大瀬町413-2,,34.761158,137.760086,https://www.hamamatsu-pippi.net/shiritai/chi_sho/2016020500220/,053-582-7210,,15,産休明,,7:30,18:30,,,N,,,,0,1,3,,,,0,0,0,,,,,2021年6月30日
小規模保育室 いずみっこ,小規模保育室 いずみっこ,,私立,,N,N,認可保育所,小規模保育事業,浜松市東区小池町743-1,,34.750886,137.761084,https://www.hamamatsu-pippi.net/shiritai/chi_sho/2016020500275/,053-435-4030,,9,産休明,,7:00,18:00,,,N,,,,0,0,0,,,,1,0,0,,,,,2021年6月30日
ありがとう保育園,ありがとう保育園,,私立,,N,N,認可保育所,小規模保育事業,浜松市東区半田山五丁目4-15,,34.776112,137.738109,https://www.hamamatsu-pippi.net/shiritai/chi_sho/2017033000189/,070-5256-0377,,9,産休明,,7:30,18:30,,,N,,,,0,3,0,,,,0,0,0,,,,,2021年6月30日
さくら第二保育園,さくら第二保育園,,私立,,N,N,認可保育所,小規模保育事業,浜松市東区小池町2693,,34.740073,137.756319,https://www.hamamatsu-pippi.net/shiritai/chi_sho/2017033000196/,053-466-1555,,18,産休明,,7:00,19:00,,,Y,,,,4,1,0,,,,0,0,0,,,,,2021年6月30日
遊歩の丘かみにし保育園,遊歩の丘かみにし保育園,,私立,,N,N,認可保育所,小規模保育事業,浜松市東区上西町853-4,,34.723780,137.758979,https://www.hamamatsu-pippi.net/shiritai/kodomoen_ho/2017033000219/,053-468-1818,,18,産休明,,7:00,19:00,,,Y,,,,0,0,0,,,,0,5,1,,,,,2021年6月30日
ぬくもりのおうち保育西ケ崎園,ぬくもりのおうち保育西ケ崎園,,私立,,N,N,認可保育所,小規模保育事業,浜松市東区西ケ崎町757-1,,34.775728,137.771354,https://www.hamamatsu-pippi.net/shiritai/chi_sho/2019032500059/,053-544-9001,,12,6カ月,,7:30,19:30,,,Y,,,,0,0,0,,,,1,0,0,,,,,2021年6月30日
そらいろのおうち,そらいろのおうち,,私立,,N,N,認可保育所,小規模保育事業,浜松市東区上石田町1558-1,,34.751921,137.785955,https://www.hamamatsu-pippi.net/shiritai/chi_sho/2019032500028/,053-401-7715,,10,6カ月,,7:00,18:00,,,N,,,,0,0,0,,,,5,1,0,,,,,2021年6月30日
浜松東保育園,浜松東保育園,,私立,,N,N,認可保育所,小規模保育事業,浜松市東区篠ケ瀬町581,,34.727567,137.778263,https://www.hamamatsu-pippi.net/shiritai/chi_sho/2020032800117/,053-401-5590,,15,6カ月,,7:00,19:00,,,Y,,,,0,0,0,,,,0,1,0,,,,,2021年6月30日
優風保育園,優風保育園,,私立,,N,N,認可保育所,小規模保育事業,浜松市西区入野町6361,,34.699789,137.687890,https://www.hamamatsu-pippi.net/shiritai/chi_sho/2014021908670/,053-445-1115,,19,6カ月,,7:30,19:00,,,Y,,,,0,0,1,,,,0,0,0,,,,,2021年6月30日
佐鳴保育園,佐鳴保育園,,私立,,N,N,認可保育所,小規模保育事業,浜松市西区入野町9277-1,,34.699866,137.682790,https://www.hamamatsu-pippi.net/shiritai/chi_sho/2014021908762/,053-448-5268,,19,産休明,,7:30,19:00,,,Y,,,,0,1,1,,,,0,0,0,,,,,2021年6月30日
いりのの森。浜松幼稚舎,いりのの森。浜松幼稚舎,,私立,,N,N,認可保育所,小規模保育事業,浜松市西区入野町16104-1,,34.701238,137.668742,https://www.hamamatsu-pippi.net/shiritai/chi_sho/2016020500237/,053-482-9383,,12,6カ月,,7:30,18:30,,,N,,,,0,0,0,,,,1,0,0,,,,,2021年6月30日
入野保育園,入野保育園,,私立,,N,N,認可保育所,小規模保育事業,浜松市西区入野町10824-1,,34.695964,137.673841,https://www.hamamatsu-pippi.net/shiritai/chi_sho/2017033000226/,053-401-1004,,9,産休明,,7:00,18:00,,,N,,,,0,0,0,,,,1,1,0,,,,,2021年6月30日
花園保育園,花園保育園,,私立,,N,N,認可保育所,小規模保育事業,浜松市西区篠原町9271-5,,34.688766,137.658917,https://www.hamamatsu-pippi.net/shiritai/chi_sho/2018030900113/,053-440-1500,,19,6カ月,,7:00,18:30,,,Y,,,,3,1,1,,,,0,0,0,,,,,2021年6月30日
ヒーローズおおひらだい保育園,ヒーローズおおひらだい保育園,,私立,,N,N,認可保育所,小規模保育事業,浜松市西区大平台二丁目17-28,,34.715754,137.682592,https://www.hamamatsu-pippi.net/shiritai/chi_sho/2021033100121/,053-489-5366,,19,,,7:00,19:00,,,Y,,,,0,0,2,,,,1,0,0,,,,,2021年6月30日
すこやか保育園,すこやか保育園,,私立,,N,N,認可保育所,小規模保育事業,浜松市南区三島町103-1,,34.689482,137.738408,https://www.hamamatsu-pippi.net/shiritai/chi_sho/2015030400094/,053-444-3730,,15,6カ月,,7:30,19:00,,,Y,,,,0,0,0,,,,0,1,0,,,,,2021年6月30日
ニチイキッズ南浜松保育園,ニチイキッズ南浜松保育園,,私立,,N,N,認可保育所,小規模保育事業,浜松市南区安松町12-10,,34.692850,137.768216,https://www.hamamatsu-pippi.net/shiritai/chi_sho/2017033000233/,053-467-5031,,19,産休明,,7:00,18:00,,,N,,,,3,0,2,,,,0,2,0,,,,,2021年6月30日
みつばち保育園,みつばち保育園,,私立,,N,N,認可保育所,小規模保育事業,浜松市南区瓜内町844-3,,34.687713,137.736083,https://www.hamamatsu-pippi.net/shiritai/chi_sho/2017033000240/,053-444-3282,,18,産休明,,7:30,18:30,,,N,,,,0,0,0,,,,0,0,0,,,,,2021年6月30日
えんのき保育園,えんのき保育園,,私立,,N,N,認可保育所,小規模保育事業,浜松市南区参野町128,,34.693708,137.755446,https://www.hamamatsu-pippi.net/shiritai/chi_sho/2018030900120/,053-424-6822,,10,産休明,,7:00,18:30,,,Y,,,,0,0,0,,,,1,2,0,,,,,2021年6月30日
こどものおうち　すぃーとぴー,こどものおうち　すぃーとぴー,,私立,,N,N,認可保育所,小規模保育事業,浜松市南区恩地町297-2,,34.687436,137.760057,https://www.hamamatsu-pippi.net/shiritai/chi_sho/2021032400291/,053-427-2332,,12,,,7:00,19:00,,,Y,,,,0,0,0,,,,1,2,0,,,,,2021年6月30日
たいようナーサリールーム,たいようナーサリールーム,,私立,,N,N,認可保育所,小規模保育事業,浜松市南区飯田町1461-1,,34.706564,137.781299,https://www.hamamatsu-pippi.net/shiritai/chi_sho/2021032400116/,053-424-6630,,12,,,7:00,19:00,,,Y,,,,1,1,1,,,,0,1,0,,,,,2021年6月30日
なごみ保育室,なごみ保育室,,私立,,N,N,認可保育所,小規模保育事業,浜松市北区三方原町1364-5,,34.783410,137.711570,https://www.hamamatsu-pippi.net/shiritai/chi_sho/2015030400100/,053-525-9666,,9,産休明,,7:00,19:00,,,Y,,,,0,0,0,,,,1,2,0,,,,,2021年6月30日
もくば保育園,もくば保育園,,私立,,N,N,認可保育所,小規模保育事業,浜松市北区初生町1303-5,,34.770331,137.715916,https://www.hamamatsu-pippi.net/shiritai/chi_sho/2016020500244/,053-437-5300,,16,6カ月,,7:00,19:00,,,Y,,,,3,1,1,,,,0,0,0,,,,,2021年6月30日
nursery garden こぐま,nursery gardenこぐま,,私立,,N,N,認可保育所,小規模保育事業,浜松市北区豊岡町416-2,,34.792233,137.728568,https://www.hamamatsu-pippi.net/shiritai/chi_sho/2017033000257/,053-401-1780,,9,6カ月,,7:00,19:00,,,Y,,,,2,0,0,,,,0,0,0,,,,,2021年6月30日
ヒーローズ貴布祢保育園,ヒーローズ貴布祢保育園,,私立,,N,N,認可保育所,小規模保育事業,浜松市浜北区貴布祢2484,,34.797417,137.785955,https://www.hamamatsu-pippi.net/shiritai/chi_sho/2020032800155/,070-1523-2239,,19,3カ月,,7:00,19:00,,,Y,,,,0,0,0,,,,1,2,1,,,,,2021年6月30日
トットハウス浜北なかぜ,トットハウス浜北なかぜ,,私立,,N,N,認可保育所,小規模保育事業,浜松市浜北区中瀬2628-16,,34.837116,137.809693,https://www.hamamatsu-pippi.net/shiritai/chi_sho/2021032400123/,053-401-5360,,19,,,7:00,19:00,,,Y,,,,1,0,1,,,,0,0,0,,,,,2021年6月30日
聖隷浜松病院ひばり保育園,聖隷浜松病院ひばり保育園,,私立,,Y,N,認可保育所,事業所内保育事業,浜松市中区住吉二丁目24-4,,34.732696,137.724422,https://www.hamamatsu-pippi.net/shiritai/chi_jigyo/2015030400117/,053-474-3123,,20,産休明,,7:30,21:30,,,Y,,,,3,1,2,,,,1,0,0,,,,,2021年6月30日
あゆみ保育園,あゆみ保育園,,私立,,Y,N,認可保育所,事業所内保育事業,浜松市中区佐鳴台五丁目9-5,,34.713773,137.699282,https://www.hamamatsu-pippi.net/shiritai/chi_jigyo/2016020500282/,053-454-0804,,20,産休明,,7:15,19:15,,,Y,,,,2,2,2,,,,0,0,0,,,,,2021年6月30日
キッズホームてんとうむし,キッズホームてんとうむし,,私立,,Y,N,認可保育所,事業所内保育事業,浜松市中区花川町819,,34.777557,137.688594,https://www.hamamatsu-pippi.net/shiritai/chi_jigyo/2016020500305/,053-414-6001,,9,産休明,,7:00,19:00,,,Y,,,,3,1,0,,,,0,0,0,,,,,2021年6月30日
しんえい保育園,しんえい保育園,,私立,,Y,N,認可保育所,事業所内保育事業,浜松市中区泉二丁目31-10,,34.744259,137.719785,https://www.hamamatsu-pippi.net/shiritai/chi_jigyo/2014021908854/,053-476-5955,,16,11カ月,,7:00,20:00,,,Y,,,,0,0,0,,,,0,3,0,,,,,2021年6月30日
遊歩の丘まちなかナーサリー,遊歩の丘まちなかナーサリー,,私立,,Y,N,認可保育所,事業所内保育事業,浜松市中区中央一丁目2-2-102,イーステージ浜松タワー,34.711651,137.734736,https://www.hamamatsu-pippi.net/shiritai/chi_jigyo/2021032400130/,053-401-4441,,21,,,7:00,18:00,,,N,,,,0,0,0,,,,0,1,0,,,,,2021年6月30日
KIKI保育園　中島園,KIKI保育園　中島園,,私立,,Y,N,認可保育所,事業所内保育事業,浜松市中区中島四丁目8-5,,34.696939,137.747796,https://www.hamamatsu-pippi.net/shiritai/chi_jigyo/2021032400147/,053-544-9818,,6,,,7:30,18:30,,,N,,,,1,1,0,,,,1,0,0,,,,,2021年6月30日
湖東の森保育園,湖東の森保育園,,私立,,Y,N,認可保育所,事業所内保育事業,浜松市西区湖東町1074,,34.761144,137.661034,https://www.hamamatsu-pippi.net/shiritai/chi_jigyo/2017033000431/,053-486-3513,,7,3カ月,,7:00,18:30,,,Y,,,,0,0,1,,,,0,0,0,,,,,2021年6月30日
こりす保育園,こりす保育園,,私立,,Y,N,認可保育所,事業所内保育事業,浜松市西区西山町518-6,,34.740578,137.689825,https://www.hamamatsu-pippi.net/shiritai/chi_jigyo/2020033100339/,053-485-7011,,5,6カ月,,7:30,19:00,,,Y,,,,0,0,1,,,,1,0,0,,,,,2021年6月30日
すみれ保育園,すみれ保育園,,私立,,Y,N,認可保育所,事業所内保育事業,浜松市南区田尻町120-1,,34.680706,137.725878,https://www.hamamatsu-pippi.net/shiritai/chi_jigyo/2015030400131/,053-443-1155,,6,産休明,,7:30,18:30,,,N,,,,0,0,0,,,,0,0,0,,,,,2021年6月30日
かもめ保育園,かもめ保育園,,私立,,Y,N,認可保育所,事業所内保育事業,浜松市北区都田町8786,,34.812882,137.734888,https://www.hamamatsu-pippi.net/shiritai/chi_jigyo/2016020500299/,053-428-5202,,12,産休明,,7:00,19:00,,,Y,,,,2,2,0,,,,0,0,0,,,,,2021年6月30日
十全双葉保育園,十全双葉保育園,,私立,,Y,N,認可保育所,事業所内保育事業,浜松市浜北区平口1969-1,,34.794020,137.769043,https://www.hamamatsu-pippi.net/shiritai/chi_jigyo/2015030400148/,053-585-4345,,10,産休明,,7:15,18:15,,,N,,,,1,0,1,,,,0,1,0,,,,,2021年6月30日
ひくまこども園,ひくまこども園,,私立,,N,Y,認可保育所,認定こども園,浜松市中区曳馬四丁目8-12,,34.729259,137.744824,https://www.hamamatsu-pippi.net/shiritai/kodomoen_ho/2016020500053/,053-464-4069,,130,産休明,,7:00,19:00,,,Y,,,,1,0,0,0,0,0,7,5,7,4,0,0,,2021年6月30日
なかざわこども園,なかざわこども園,,私立,,N,Y,認可保育所,認定こども園,浜松市中区中沢町58-9,,34.722851,137.727827,https://www.hamamatsu-pippi.net/shiritai/kodomoen_ho/2016020500015/,053-471-0497,,90,6カ月,,7:00,19:00,,,Y,,,,0,0,0,0,0,0,0,1,0,0,0,0,,2021年6月30日
相生こども園,相生こども園,,私立,,N,Y,認可保育所,認定こども園,浜松市中区相生町14-30,,34.708184,137.748593,https://www.hamamatsu-pippi.net/shiritai/kodomoen_ho/2016020500039/,053-461-6519,,110,6カ月,,7:30,18:30,,,N,,,,0,0,0,0,1,0,2,3,1,2,2,0,,2021年6月30日
瑞雲こども園,瑞雲こども園,,私立,,N,Y,認可保育所,認定こども園,浜松市中区佐藤二丁目22-1,,34.713505,137.749472,https://www.hamamatsu-pippi.net/shiritai/kodomoen_ho/2014021907819/,053-464-9557,,140,産休明,,7:00,18:30,,,Y,,,,0,0,0,0,0,0,4,5,4,1,1,1,,2021年6月30日
なかよし第2こども園,なかよし第2こども園,,私立,,N,Y,認可保育所,認定こども園,浜松市中区領家三丁目23-13,,34.693829,137.754721,https://www.hamamatsu-pippi.net/shiritai/kodomoen_ho/2014021907826/,053-443-9836,,120,産休明,,7:00,18:30,,,Y,,,,0,0,0,0,0,0,6,16,2,0,0,0,,2021年6月30日
遊歩の丘にしおかこども園,遊歩の丘にしおかこども園,,私立,,N,Y,認可保育所,認定こども園,浜松市中区西丘町296,,34.767395,137.691542,https://www.hamamatsu-pippi.net/shiritai/kodomoen_ho/2014021907925/,053-463-8211,,150,産休明,,7:00,19:00,,,Y,,,,0,0,0,0,0,0,2,2,1,1,2,1,,2021年6月30日
みそらこども園,みそらこども園,,私立,,N,Y,認可保育所,認定こども園,浜松市中区神田町513,,34.690702,137.718880,https://www.hamamatsu-pippi.net/shiritai/kodomoen_ho/2016020500152/,053-443-9836,,90,産休明,,7:00,19:00,,,Y,,,,0,0,0,0,0,0,9,6,1,0,1,0,,2021年6月30日
聖隷こども園めぐみ,聖隷こども園めぐみ,,私立,,N,Y,認可保育所,認定こども園,浜松市中区和合町555-1,,34.742267,137.701347,https://www.hamamatsu-pippi.net/shiritai/kodomoen_ho/2017031700050/,053-401-1212,,160,産休明,,7:00,19:00,,,Y,,,,0,0,0,0,1,0,2,4,4,2,2,0,,2021年6月30日
和合こども園,和合こども園,,私立,,N,Y,認可保育所,認定こども園,浜松市中区和合町220-1280,,34.742243,137.708270,https://www.hamamatsu-pippi.net/shiritai/kodomoen_ho/2014021907901/,053-472-2522,,120,産休明,,7:00,19:00,,,Y,,,,2,0,0,0,0,0,1,8,0,3,0,0,,2021年6月30日
れんげこども園,れんげこども園,,私立,,N,Y,認可保育所,認定こども園,浜松市中区和合北一丁目2-37,,34.736530,137.722325,https://www.hamamatsu-pippi.net/shiritai/nin_shiritsu/2014021907918/,053-482-8241,,130,産休明,,7:00,18:30,,,Y,,,,0,0,0,0,1,0,1,7,2,1,0,1,,2021年6月30日
小豆餅ゆすらうめこども園,小豆餅ゆすらうめこども園,,私立,,N,Y,認可保育所,認定こども園,浜松市中区小豆餅四丁目18-2,,34.754470,137.730061,https://www.hamamatsu-pippi.net/shiritai/kodomoen_ho/2014021907895/,053-414-0001,,110,産休明,,7:00,19:00,,,Y,,,,0,0,0,0,0,0,4,7,6,0,1,1,,2021年6月30日
上池さくらこども園,上池さくらこども園,,私立,,N,Y,認可保育所,認定こども園,浜松市中区城北二丁目25-43,,34.724181,137.723562,https://www.hamamatsu-pippi.net/shiritai/kodomoen_ho/2014021907888/,053-474-1125,,120,産休明,,7:00,19:00,,,Y,,,,0,0,1,0,2,1,1,2,1,0,0,0,,2021年6月30日
音の森こども園,音の森こども園,,私立,,N,Y,認可保育所,認定こども園,浜松市中区富塚町3657-1,,34.729407,137.696560,https://www.hamamatsu-pippi.net/shiritai/kodomoen_ho/2019032700022/,053-488-5116,,80,産休明,,7:00,19:00,,,Y,,,,0,0,0,0,0,0,6,8,3,1,0,1,,2021年6月30日
浜松中央こども園,浜松中央こども園,,私立,,N,Y,認可保育所,認定こども園,浜松市中区尾張町127-7,,34.711873,137.730485,https://www.hamamatsu-pippi.net/shiritai/kodomoen_ho/2021032400154/,053-453-0249,,80,6カ月,,7:30,18:30,,,N,,,,0,0,2,2,2,3,0,0,0,0,0,0,,2021年6月30日
たかい丘こども園,たかい丘こども園,,私立,,N,Y,認可保育所,認定こども園,浜松市中区高丘北二丁目25-21,,34.761980,137.704451,https://www.hamamatsu-pippi.net/shiritai/kodomoen_ho/2021032400178/,053-437-6530,,120,産休明,,7:00,18:30,,,Y,,,,0,0,0,0,0,0,7,6,8,1,0,0,,2021年6月30日
聖隷こども園ひかりの子,聖隷こども園ひかりの子,,私立,,N,Y,認可保育所,認定こども園,浜松市東区天王町1896,,34.740964,137.767397,https://www.hamamatsu-pippi.net/shiritai/kodomoen_ho/2014021908021/,053-421-6822,,150,産休明,,7:00,19:00,,,Y,,,,0,0,0,0,0,0,0,4,6,0,0,0,,2021年6月30日
いずみこども園,いずみこども園,,私立,,N,Y,認可保育所,認定こども園,浜松市東区小池町710,,34.751661,137.760293,https://www.hamamatsu-pippi.net/shiritai/kodomoen_ho/2016020500077/,053-434-4411,,140,産休明,,7:00,19:00,,,Y,,,,1,0,0,0,0,0,2,3,4,2,0,0,,2021年6月30日
市野与進こども園,市野与進こども園,,私立,,N,Y,認可保育所,認定こども園,浜松市東区市野町2636,,34.747838,137.767207,https://www.hamamatsu-pippi.net/shiritai/kodomoen_ho/2016020500091/,053-423-3535,,140,産休明,,7:00,19:00,,,Y,,,,2,0,0,1,0,0,0,6,5,2,1,0,,2021年6月30日
まるづかこども園,まるづかこども園,,私立,,N,Y,認可保育所,認定こども園,浜松市東区丸塚町287-1,,34.727744,137.760012,https://www.hamamatsu-pippi.net/shiritai/kodomoen_ho/2014021907963/,053-465-2525,,120,産休明,,7:00,18:30,,,Y,,,,0,0,0,0,0,0,3,3,4,0,0,0,,2021年6月30日
太陽さぎのみやこども園,太陽さぎのみやこども園,,私立,,N,Y,認可保育所,認定こども園,浜松市東区大瀬町752,,34.760677,137.763006,https://www.hamamatsu-pippi.net/shiritai/kodomoen_ho/2017033100018/,053-432-5515,,120,産休明,,7:00,19:00,,,Y,,,,0,0,0,0,0,0,0,2,3,1,1,0,,2021年6月30日
遊歩の丘かみにしこども園,遊歩の丘かみにしこども園,,私立,,N,Y,認可保育所,認定こども園,浜松市東区上西町853-2,,34.723329,137.759049,https://www.hamamatsu-pippi.net/shiritai/kodomoen_ho/2017033000219/,053-468-1818,,120,産休明,,7:00,19:00,,,Y,,,,0,0,0,0,0,0,13,12,7,0,0,0,,2021年6月30日
きなりこどもえん,きなりこどもえん,,私立,,N,Y,認可保育所,認定こども園,浜松市東区植松町53-4,,34.710358,137.754558,https://www.hamamatsu-pippi.net/shiritai/kodomoen_ho/2017033100025/,053-424-6666,,120,6カ月,,7:00,19:00,,,Y,,,,0,0,0,0,0,0,7,7,8,3,1,0,,2021年6月30日
若宮こども園,若宮こども園,,私立,,N,Y,認可保育所,認定こども園,浜松市東区大瀬町2050,,34.759125,137.775673,https://www.hamamatsu-pippi.net/shiritai/nin_shiritsu/2014021908076/,053-433-2727,,140,産休明,,7:00,19:00,,,Y,,,,0,0,0,0,0,0,1,8,4,0,1,0,,2021年6月30日
蒲こども園,蒲こども園,,私立,,N,Y,認可保育所,認定こども園,浜松市東区大蒲町95-2,,34.715127,137.766585,https://www.hamamatsu-pippi.net/shiritai/nin_shiritsu/2014021907956/,053-463-1540,,120,6カ月,,7:00,18:30,,,Y,,,,1,0,0,0,0,0,0,1,2,1,0,0,,2021年6月30日
そらいろこども園,そらいろこども園,,私立,,N,Y,認可保育所,認定こども園,浜松市東区市野町1084,,34.751169,137.778747,https://www.hamamatsu-pippi.net/shiritai/nin_shiritsu/2016020500169/,053-581-8670,,120,6カ月,,7:00,19:00,,,Y,,,,0,0,0,0,0,0,5,4,4,1,0,0,,2021年6月30日
ありたまこども園,ありたまこども園,,私立,,N,Y,認可保育所,認定こども園,浜松市東区有玉南町2013,,34.749551,137.746120,https://www.hamamatsu-pippi.net/shiritai/nin_shiritsu/2017033100049/,053-479-5588,,120,4カ月,,7:00,19:00,,,Y,,,,0,2,0,0,0,0,10,10,7,2,0,0,,2021年6月30日
天竜こども園,天竜こども園,,私立,,N,Y,認可保育所,認定こども園,浜松市東区薬新町315-1,,34.722067,137.785910,https://www.hamamatsu-pippi.net/shiritai/kodomoen_ho/2018030900014/,053-421-5355,,120,4カ月,,7:00,18:30,,,N,,,,0,0,0,0,0,0,2,11,0,2,0,0,,2021年6月30日
浜松東こども園,浜松東こども園,,私立,,N,Y,認可保育所,認定こども園,浜松市東区篠ケ瀬町580-3,,34.727630,137.777965,https://www.hamamatsu-pippi.net/shiritai/kodomoen_ho/2020032800247/,053-421-5590,,150,産休明,,7:00,19:00,,,Y,,,,0,0,0,0,0,0,0,5,0,0,0,0,,2021年6月30日
和光こども園,和光こども園,,私立,,N,Y,認可保育所,認定こども園,浜松市西区和光町517,,34.786344,137.680454,https://www.hamamatsu-pippi.net/shiritai/kodomoen_ho/2014021908106/,053-486-0434,,170,産休明,,7:00,18:30,,,Y,,,,4,0,0,0,0,0,0,0,0,0,0,0,,2021年6月30日
入野こども園,入野こども園,,私立,,N,Y,認可保育所,認定こども園,浜松市西区入野町10827-1,,34.695438,137.673843,https://www.hamamatsu-pippi.net/shiritai/kodomoen_ho/2014021908151/,053-448-1026,,120,産休明,,7:00,18:30,,,Y,,,,1,0,0,0,0,0,2,4,4,1,1,0,,2021年6月30日
さざんかこども園,さざんかこども園,,私立,,N,Y,認可保育所,認定こども園,浜松市西区篠原町25654,,34.676285,137.658658,https://www.hamamatsu-pippi.net/shiritai/kodomoen_ho/2016020500121/,053-449-6116,,100,産休明,,7:00,19:00,,,Y,,,,0,0,0,1,2,2,0,1,0,0,0,0,,2021年6月30日
春日こども園,春日こども園,,私立,,N,Y,認可保育所,認定こども園,浜松市西区馬郡町2560,,34.683469,137.627861,https://www.hamamatsu-pippi.net/shiritai/kodomoen_ho/2016020500107/,053-592-1600,,50,6カ月,,7:00,19:00,,,Y,,,,0,0,0,4,0,1,1,1,0,0,1,0,,2021年6月30日
瞳ヶ丘こども園,瞳ヶ丘こども園,,私立,,N,Y,認可保育所,認定こども園,浜松市西区大人見町12-654,,34.733828,137.647761,https://www.hamamatsu-pippi.net/shiritai/kodomoen_ho/2014021908113/,053-485-5003,,120,産休明,,7:00,19:00,,,Y,,,,0,0,0,1,1,0,3,1,1,0,0,1,,2021年6月30日
順愛こども園,順愛こども園,,私立,,N,Y,認可保育所,認定こども園,浜松市西区舞阪町舞阪5372,,34.685498,137.622775,https://www.hamamatsu-pippi.net/shiritai/kodomoen_ho/2014021908250/,053-592-7733,,90,産休明,,7:00,19:00,,,Y,,,,1,0,0,0,0,0,6,0,2,0,0,0,,2021年6月30日
雄踏ちゅうりっぷこども園,雄踏ちゅうりっぷこども園,,私立,,N,Y,認可保育所,認定こども園,浜松市西区雄踏町宇布見7454-1,,34.700518,137.633215,https://www.hamamatsu-pippi.net/shiritai/kodomoen_ho/2020032800285/,053-596-9900,,70,産休明,,7:00,19:00,,,Y,,,,0,0,0,0,1,1,2,1,1,1,0,0,,2021年6月30日
湖東白ゆりこども園,湖東白ゆりこども園,,私立,,N,Y,認可保育所,認定こども園,浜松市西区湖東町5826-1,,34.761228,137.685219,https://www.hamamatsu-pippi.net/shiritai/kodomoen_ho/2021032400185/,053-486-5301,,,産休明,,7:00,19:00,,,Y,,,,0,0,0,0,0,0,3,1,2,0,0,0,,2021年6月30日
ずだじこども園,ずだじこども園,,私立,,N,Y,認可保育所,認定こども園,浜松市南区恩地町291,,34.686366,137.762748,https://www.hamamatsu-pippi.net/shiritai/kodomoen_ho/2014021908311/,053-427-2332,,120,6カ月,,7:00,19:00,,,Y,,,,0,0,0,0,0,0,6,18,5,7,3,0,,2021年6月30日
太陽こども園,太陽こども園,,私立,,N,Y,認可保育所,認定こども園,浜松市南区飯田町1507,,34.708218,137.781600,https://www.hamamatsu-pippi.net/shiritai/kodomoen_ho/2014021908335/,053-426-1515,,150,産休明,,7:00,19:00,,,Y,,,,0,0,0,0,0,0,0,2,0,0,1,0,,2021年6月30日
太陽第二こども園,太陽第二こども園,,私立,,N,Y,認可保育所,認定こども園,浜松市南区白羽町1231,,34.675379,137.735422,https://www.hamamatsu-pippi.net/shiritai/kodomoen_ho/2014021908298/,053-441-0006,,100,産休明,,7:00,19:00,,,Y,,,,1,1,0,1,1,0,0,0,1,0,0,0,,2021年6月30日
平和こども園,平和こども園,,私立,,N,Y,認可保育所,認定こども園,浜松市南区三島町1200,,34.687229,137.747771,https://www.hamamatsu-pippi.net/shiritai/kodomoen_ho/2016020500138/,053-443-1601,,170,6カ月,,7:00,19:00,,,Y,,,,0,0,0,0,0,0,5,12,7,4,7,2,,2021年6月30日
なかよしこども園,なかよしこども園,,私立,,N,Y,認可保育所,認定こども園,浜松市南区三島町1230,,34.689361,137.747854,https://www.hamamatsu-pippi.net/shiritai/kodomoen_ho/2014021908281/,053-441-1122,,120,産休明,,7:00,18:30,,,Y,,,,1,0,0,0,0,0,4,5,3,0,0,1,,2021年6月30日
ハローこども園,ハローこども園,,私立,,N,Y,認可保育所,認定こども園,浜松市南区下江町522,,34.680677,137.773229,https://www.hamamatsu-pippi.net/shiritai/kodomoen_ho/2014021908328/,053-425-5586,,100,産休明,,7:00,19:00,,,Y,,,,0,0,0,0,0,0,2,0,4,0,0,0,,2021年6月30日
たかつか光こども園,たかつか光こども園,,私立,,N,Y,認可保育所,認定こども園,浜松市南区高塚町2312-16,,34.686308,137.683758,https://www.hamamatsu-pippi.net/shiritai/kodomoen_ho/2014021908274/,053-449-8000,,100,産休明,,7:00,19:00,,,Y,,,,0,0,0,0,1,0,2,4,4,2,0,0,,2021年6月30日
はぁもにぃこども園,はぁもにぃこども園,,私立,,N,Y,認可保育所,認定こども園,浜松市南区三和町782,,34.700992,137.772786,https://www.hamamatsu-pippi.net/shiritai/kodomoen_ho/2014021908342/,053-464-8770,,110,産休明,,7:00,19:00,,,Y,,,,0,0,0,0,0,0,3,7,3,0,0,1,,2021年6月30日
若林こどもの園,若林こどもの園,,私立,,N,Y,認可保育所,認定こども園,浜松市南区若林町2658-1,,34.693778,137.701631,https://www.hamamatsu-pippi.net/shiritai/kodomoen_ho/2017033100032/,053-401-3786,,120,6カ月,,7:00,19:00,,,Y,,,,0,0,0,0,0,0,5,3,2,2,0,0,,2021年6月30日
クリストファーこども園,クリストファーこども園,,私立,,N,Y,認可保育所,認定こども園,浜松市北区三方原町2762,,34.787045,137.694658,https://www.hamamatsu-pippi.net/shiritai/kodomoen_ho/2014021908403/,053-430-1700,,90,6カ月,,7:00,19:00,,,Y,,,,0,0,1,0,0,0,2,1,3,4,2,2,,2021年6月30日
聖隷こども園わかば,聖隷こども園わかば,,私立,,N,Y,認可保育所,認定こども園,浜松市北区根洗町645-1,,34.793969,137.695202,https://www.hamamatsu-pippi.net/shiritai/kodomoen_ho/2014021908366/,053-437-0822,,150,産休明,,7:00,19:00,,,Y,,,,2,0,2,0,0,0,0,0,0,1,0,0,,2021年6月30日
聖隷こども園桜ヶ丘,聖隷こども園桜ヶ丘,,私立,,N,Y,認可保育所,認定こども園,浜松市北区都田町8749-3,,34.811199,137.737081,https://www.hamamatsu-pippi.net/shiritai/kodomoen_ho/2014021908410/,053-428-2494,,190,産休明,,7:00,19:00,,,Y,,,,2,0,0,0,0,0,1,0,0,0,0,0,,2021年6月30日
なごみこども園,なごみこども園,,私立,,N,Y,認可保育所,認定こども園,浜松市北区三方原町1367-1,,34.783039,137.711229,https://www.hamamatsu-pippi.net/shiritai/kodomoen_ho/2014021908397/,053-420-7530,,120,産休明,,7:00,19:00,,,Y,,,,0,0,0,1,0,0,1,6,1,0,0,2,,2021年6月30日
みどりのもり都田,みどりのもり都田,,私立,,N,Y,認可保育所,認定こども園,浜松市北区都田町6497-1,,34.824332,137.715112,https://www.hamamatsu-pippi.net/shiritai/kodomoen_ho/2014021908427/,053-428-3208,,200,産休明,,7:00,19:00,,,Y,,,,2,0,0,3,0,0,2,1,0,0,1,0,,2021年6月30日
こども園みらい,こども園みらい,,私立,,N,Y,認可保育所,認定こども園,浜松市北区三幸町159-1,,34.796690,137.714726,https://www.hamamatsu-pippi.net/shiritai/kodomoen_ho/2018030900090/,053-439-3060,,130,産休明,,7:00,19:00,,,Y,,,,3,1,0,1,0,0,0,4,0,1,1,0,,2021年6月30日
認定こども園きじの里,認定こども園きじの里,,私立,,N,Y,認可保育所,認定こども園,浜松市浜北区染地台五丁目4-3,,34.791496,137.750142,https://www.hamamatsu-pippi.net/shiritai/kodomoen_ho/2014021908526/,053-585-3375,,140,産休明,,7:00,19:00,,,Y,,,,0,0,0,0,0,0,3,0,2,0,1,0,,2021年6月30日
子育てセンターこまつ,子育てセンターこまつ,,私立,,N,Y,認可保育所,認定こども園,浜松市浜北区小松3221,,34.782697,137.770872,https://www.hamamatsu-pippi.net/shiritai/kodomoen_ho/2014021908472/,053-584-0170,,140,産休明,,7:00,20:00,,,Y,,,,0,0,0,0,0,0,8,1,4,0,1,0,,2021年6月30日
子育てセンターきぶね,子育てセンターきぶね,,私立,,N,Y,認可保育所,認定こども園,浜松市浜北区貴布祢2668,,34.800212,137.782942,https://www.hamamatsu-pippi.net/shiritai/kodomoen_ho/2014021908489/,053-584-0172,,150,産休明,,7:00,19:30,,,Y,,,,0,0,0,0,0,0,3,0,1,0,1,0,,2021年6月30日
子育てセンターしばもと,子育てセンターしばもと,,私立,,N,Y,認可保育所,認定こども園,浜松市浜北区於呂3087-2,,34.823381,137.799693,https://www.hamamatsu-pippi.net/shiritai/kodomoen_ho/2014021908496/,053-580-0050,,140,産休明,,7:00,19:30,,,Y,,,,0,0,0,0,0,0,0,0,5,2,2,0,,2021年6月30日
子育てセンターしんぱら,子育てセンターしんぱら,,私立,,N,Y,認可保育所,認定こども園,浜松市浜北区新原2669,,34.815280,137.773797,https://www.hamamatsu-pippi.net/shiritai/kodomoen_ho/2014021908502/,053-580-1011,,170,産休明,,7:00,19:00,,,Y,,,,0,0,0,0,0,0,0,1,5,0,0,0,,2021年6月30日
子育てセンターなかぜ,子育てセンターなかぜ,,私立,,N,Y,認可保育所,認定こども園,浜松市浜北区中瀬673,,34.809672,137.806199,https://www.hamamatsu-pippi.net/shiritai/kodomoen_ho/2014021908519/,053-584-0174,,140,産休明,,7:00,19:00,,,Y,,,,0,0,0,0,0,0,4,1,4,1,0,0,,2021年6月30日
遊歩の丘はまなこども園,遊歩の丘はまなこども園,,私立,,N,Y,認可保育所,認定こども園,浜松市浜北区小松1285-1,,34.792610,137.771558,https://www.hamamatsu-pippi.net/shiritai/kodomoen_ho/2015031900029/,053-585-4141,,120,産休明,,7:00,19:00,,,Y,,,,0,0,0,0,0,0,7,2,4,0,1,0,,2021年6月30日
子育てセンターかきのみ,子育てセンターかきのみ,,私立,,N,Y,認可保育所,認定こども園,浜松市浜北区中瀬2308,,34.829987,137.809337,https://www.hamamatsu-pippi.net/shiritai/kodomoen_ho/2016020500190/,053-545-3870,,140,産休明,,7:00,19:30,,,Y,,,,0,0,0,0,1,0,2,3,6,0,1,0,,2021年6月30日
あゆみの森こども園,あゆみの森こども園,,私立,,N,Y,認可保育所,認定こども園,浜松市浜北区寺島2889-1,,34.786614,137.794274,https://www.hamamatsu-pippi.net/shiritai/nin_shiritsu/2017033100056/,053-585-2345,,120,産休明,,7:00,19:00,,,Y,,,,0,0,0,0,1,0,8,5,5,0,0,0,,2021年6月30日
子育てセンターみゅうのおか,子育てセンターみゅうのおか,,私立,,N,Y,認可保育所,認定こども園,浜松市浜北区根堅2596-1,,34.853094,137.801201,https://www.hamamatsu-pippi.net/shiritai/nin_shiritsu/2017033100087/,053-545-6380,,80,産休明,,7:00,19:00,,,Y,,,,0,0,0,0,1,0,1,1,3,0,0,1,,2021年6月30日
こども園ことり,こども園ことり,,私立,,N,Y,認可保育所,認定こども園,浜松市浜北区内野5221-5,,34.784828,137.756358,https://www.hamamatsu-pippi.net/shiritai/kodomoen_ho/2018030900038/,053-585-0260,,90,6カ月,,7:00,19:00,,,Y,,,,2,0,2,1,1,2,0,0,0,0,0,0,,2021年6月30日
ひらくちかえでこども園,ひらくちかえでこども園,,私立,,N,Y,認可保育所,認定こども園,浜松市浜北区平口160,,34.800569,137.761290,https://www.hamamatsu-pippi.net/shiritai/kodomoen_ho/2018030900052/,053-585-1701,,90,産休明,,7:00,18:30,,,Y,,,,0,0,0,1,0,1,1,11,2,2,0,0,,2021年6月30日
風の子こども園,風の子こども園,,私立,,N,Y,認可保育所,認定こども園,浜松市浜北区平口1973,,34.800569,137.761290,https://www.hamamatsu-pippi.net/shiritai/kodomoen_ho/2019032700039/,053-544-4150,,120,産休明,,7:15,19:15,,,Y,,,,0,0,0,0,1,0,4,6,4,5,1,0,,2021年6月30日
森のいえはまきた,森のいえはまきた,,私立,,N,Y,認可保育所,認定こども園,浜松市浜北区於呂2739,,34.833447,137.795825,https://www.hamamatsu-pippi.net/shiritai/kodomoen_ho/2020032800278/,053-580-3131,,120,産休明,,7:00,19:00,,,Y,,,,0,0,0,2,0,1,0,2,1,0,1,0,,2021年6月30日
子育てセンターすぎのこ,子育てセンターすぎのこ,,私立,,N,Y,認可保育所,認定こども園,浜松市天竜区大谷111-1,,34.872389,137.816798,https://www.hamamatsu-pippi.net/shiritai/kodomoen_ho/2014021908557/,053-922-0170,,60,産休明,,7:00,19:00,,,Y,,,,1,0,0,0,0,0,0,2,2,1,1,2,,2021年6月30日
子育てセンターやまびこ,子育てセンターやまびこ,,私立,,N,Y,認可保育所,認定こども園,浜松市天竜区山東3577,,34.870505,137.825595,https://www.hamamatsu-pippi.net/shiritai/kodomoen_ho/2014021908564/,053-922-0180,,90,産休明,,7:00,19:00,,,Y,,,,0,0,0,0,0,0,0,3,3,2,2,1,,2021年6月30日
あそびこども園浜松,あそびこども園浜松,,私立,,N,Y,認可保育所,認定こども園,浜松市東区下石田町320,,34.742574,137.784210,https://www.hamamatsu-pippi.net/shiritai/kodomoen_ho/2014021908649/,053-422-2525,,200,産休明,,7:00,19:00,,,Y,,,,0,0,0,0,0,0,0,4,1,0,0,0,,2021年6月30日
浜っ子こども園,浜っ子こども園,,私立,,N,Y,認可保育所,認定こども園,浜松市東区松小池町340,,34.734031,137.791460,https://www.hamamatsu-pippi.net/shiritai/kodomoen_ho/2014021907994/,053-422-2525,,200,3カ月,,7:00,19:00,,,Y,,,,0,0,0,0,0,0,2,5,1,3,0,0,,2021年6月30日
はままつ保育園,はままつ保育園,,私立,,N,N,認可外保育所,,浜松市中区田町231-14,,34.708946,137.732585,https://www.hamamatsu-pippi.net/shiritai/ninsho_one/2014021908571/,053-453-1717,,109,,,,,,,,,,,,,,,,,,,,,,,,
和敬愛育園,和敬愛育園,,私立,,N,N,認可外保育所,,浜松市中区高丘西二丁目34-14,,34.760824,137.700408,https://www.hamamatsu-pippi.net/shiritai/ninsho_one/2014021908595/,053-437-5650,,60,,,,,,,,,,,,,,,,,,,,,,,,
ハレルヤ愛児園,ハレルヤ愛児園,,私立,,N,N,認可外保育所,,浜松市中区花川町351,,34.778501,137.694347,https://www.hamamatsu-pippi.net/shiritai/ninsho_one/2014021908601/,053-436-1458,,54,,,,,,,,,,,,,,,,,,,,,,,,
コドモダケ保育園,コドモダケ保育園,,私立,,N,N,認可外保育所,,浜松市中区伝馬町311-7,伝馬沢ビル2F・3F・4F,34.705887,137.727902,https://www.hamamatsu-pippi.net/shiritai/ninsho_one/2014021908618/,053-459-3614,,35（昼間）、35（夜間）,,,,,,,,,,,,,,,,,,,,,,,,
エンゼル保育園,エンゼル保育園,,私立,,N,N,認可外保育所,,浜松市中区高丘東四丁目4-12,,34.757172,137.709317,https://www.hamamatsu-pippi.net/shiritai/ninsho_one/2014021908625/,053-437-4108,,45,,,,,,,,,,,,,,,,,,,,,,,,
さくら保育園,さくら保育園,,私立,,N,N,認可外保育所,,浜松市東区小池町2693　2F,,34.741373,137.753045,https://www.hamamatsu-pippi.net/shiritai/ninsho_one/2014021908632/,053-466-1555,,30,,,,,,,,,,,,,,,,,,,,,,,,
ちびっこハウスあくり,ちびっこハウスあくり,,私立,,N,N,認可外保育所,,浜松市中区海老塚町2-8,,34.698448,137.731091,https://www.hamamatsu-pippi.net/shiritai/ninsho_two/2014021908700/,053-413-5888,,19,,,,,,,,,,,,,,,,,,,,,,,,
はぐみな保育園,はぐみな保育園,,私立,,N,N,認可外保育所,,浜松市中区葵西六丁目6-30,,34.770167,137.703111,https://www.hamamatsu-pippi.net/shiritai/ninsho_two/2014060300022/,053-570-3583,,45,,,,,,,,,,,,,,,,,,,,,,,,
オプネット保育園　浜松園,オプネット保育園　浜松園,,私立,,N,N,認可外保育所,,浜松市東区有玉南町1986-1,,34.748225,137.747367,https://www.hamamatsu-pippi.net/shiritai/ninsho_two/2014021908861/,053-479-8686,,19,,,,,,,,,,,,,,,,,,,,,,,,
はまきた保育園,はまきた保育園,,私立,,N,N,認可外保育所,,浜松市浜北区高畑109-1,,34.788555,137.799941,https://www.hamamatsu-pippi.net/shiritai/ninsho_two/2014021908823/,053-586-7432,,37,,,,,,,,,,,,,,,,,,,,,,,,
和香樹保育園,和香樹保育園,,私立,,N,N,認可外保育所,,浜松市天竜区青谷2018-3,,34.864579,137.780278,https://www.hamamatsu-pippi.net/shiritai/ninsho_two/2014021908885/,053-925-3456,,28,,,,,,,,,,,,,,,,,,,,,,,,
上島キッズスクエア,上島キッズスクエア,,私立,,N,N,認可外保育所,,浜松市中区上島三丁目1-3,,34.738289,137.744087,https://www.hamamatsu-pippi.net/shiritai/sonota/2014021908847/,053-433-5675,,10,,,,,,,,,,,,,,,,,,,,,,,,
浜松きりかぶ幼児園,浜松きりかぶ幼児園,,私立,,N,N,認可外保育所,,浜松市中区佐鳴台三丁目26-37,,34.704564,137.697308,https://www.hamamatsu-pippi.net/shiritai/sonota/2019071800042/,053-482-8807,,12,,,,,,,,,,,,,,,,,,,,,,,,
Hug Me International School,Hug Me International School,,私立,,N,N,認可外保育所,,浜松市中区平田町108,平田ホワイトビル1階2階,34.701996,137.730034,https://www.hamamatsu-pippi.net/shiritai/sonota/2019100800388/,053-488-8780,,90,,,,,,,,,,,,,,,,,,,,,,,,
あかり,あかり,,私立,,N,N,認可外保育所,,浜松市中区鴨江二丁目34-52,,34.702374,137.712918,,090-5857-3398,,20,,,,,,,,,,,,,,,,,,,,,,,,
第2つばめ保育園,第2つばめ保育園,,私立,,N,N,認可外保育所,,浜松市東区有玉西町2197-2,,34.752466,137.735856,https://www.hamamatsu-pippi.net/shiritai/sonota/2016052800022/,053-571-1148,,8,,,,,,,,,,,,,,,,,,,,,,,,
託児所さくらんぼ,託児所さくらんぼ,,私立,,N,N,認可外保育所,,浜松市南区中田島町75-1,,34.673797,137.747170,,053-571-3684,,20,,,,,,,,,,,,,,,,,,,,,,,,
はままつ森のようちえん　森のこどもたち,はままつ森のようちえん　森のこどもたち,,私立,,N,N,認可外保育所,,浜松市天竜区青谷1402-2,,34.870223,137.782005,https://www.hamamatsu-pippi.net/shiritai/sonota/2020042800039/,090-8050-4746,,21,,,,,,,,,,,,,,,,,,,,,,,,
クレッシェ　マターナル　レイノ　デ　アレグリア,クレッシェ　マターナル　レイノ　デ　アレグリア,,私立,,N,N,認可外保育所,,浜松市中区幸一丁目12-15,,34.742064,137.728010,https://www.hamamatsu-pippi.net/shiritai/gaikoku/2014021908892/,053-522-7445,,20,,,,,,,,,,,,,,,,,,,,,,,,
エスコラ　アウカンセ,エスコラ　アウカンセ,,私立,,N,N,認可外保育所,,浜松市中区富塚町3002-3,,34.728201,137.690999,,053-543-6280,,6,,,,,,,,,,,,,,,,,,,,,,,,
イーエーエス浜松保育所,イーエーエス浜松保育所,,私立,,N,N,認可外保育所,,浜松市東区半田山2-24-3,,34.769797,137.735572,https://www.hamamatsu-pippi.net/shiritai/gaikoku/2019092500013/,053-540-2022,,40,,,,,,,,,,,,,,,,,,,,,,,,
ムンドエンカンタード,ムンド デ アレグリア,,私立,,N,N,認可外保育所,,浜松市西区雄踏町宇布見9611-1,,34.694320,137.630705,https://www.hamamatsu-pippi.net/shiritai/gaikoku/2019120500015/,053-482-7668,,42,,,,,,,,,,,,,,,,,,,,,,,,
コレジオ　アルテナチヴァ,コレジオ　アルテナチヴァ,,私立,,N,N,認可外保育所,,浜松市南区卸本町62,,34.673211,137.724855,https://www.hamamatsu-pippi.net/shiritai/gaikoku/2015112500018/,053-589-4589,,63,,,,,,,,,,,,,,,,,,,,,,,,
クレッシェ　ラピス　デ　コル,クレッシェ　ラピス　デ　コル,,私立,,N,N,認可外保育所,,浜松市南区石原町611,,34.691935,137.770352,https://www.hamamatsu-pippi.net/shiritai/gaikoku/2014021908939/,080-4222-2057,,138,,,,,,,,,,,,,,,,,,,,,,,,
遠鉄グループ保育園かみじま,遠鉄グループ保育園かみじま,,私立,,N,N,認可外保育所,,浜松市中区高丘東四丁目28-19,,34.758195,137.710993,https://www.hamamatsu-pippi.net/shiritai/ninkagai_kigyo/2017051700146/,053-454-2301,,40,,,,,,,,,,,,,,,,,,,,,,,,
保育所きこりのおうち,保育所きこりのおうち,,私立,,N,N,認可外保育所,,浜松市中区塩町57,,34.701296,137.728655,https://www.hamamatsu-pippi.net/shiritai/ninkagai_kigyo/2017051700207/,053-401-1661,,17,,,,,,,,,,,,,,,,,,,,,,,,
キッズハウスもとしろ,キッズハウスもとしろ,,私立,,N,N,認可外保育所,,浜松市中区元城町219-21,浜松元城町　第一ビルディング101号室,34.709762,137.727783,https://www.hamamatsu-pippi.net/shiritai/ninkagai_kigyo/2017110800091/,053-401-0180,,12,,,,,,,,,,,,,,,,,,,,,,,,
みみ・あんふぁんベベ,みみ・あんふぁんベベ,,私立,,N,N,認可外保育所,,浜松市中区住吉二丁目32-3,,34.730927,137.724179,https://www.hamamatsu-pippi.net/shiritai/ninkagai_kigyo/2017051700214/,053-475-6380,,13,,,,,,,,,,,,,,,,,,,,,,,,
ヒーローズ保育園　住吉,ヒーローズ保育園　住吉,,私立,,N,N,認可外保育所,,浜松市中区住吉五丁目12-7,,34.734862,137.729415,https://www.hamamatsu-pippi.net/shiritai/ninkagai_kigyo/2017110800107/,053-474-8511,,19,,,,,,,,,,,,,,,,,,,,,,,,
遠鉄グループ保育園さなるだい,遠鉄グループ保育園さなるだい,,私立,,N,N,認可外保育所,,浜松市中区佐鳴台四丁目9-21,,34.707349,137.700062,https://www.hamamatsu-pippi.net/shiritai/ninkagai_kigyo/2018051400203/,053-454-2301,,40,,,,,,,,,,,,,,,,,,,,,,,,
遠鉄グループ保育園えきまえ,遠鉄グループ保育園えきまえ,,私立,,N,N,認可外保育所,,浜松市中区千歳町91-1,遠鉄モール街ビル1階,34.703672,137.731053,https://www.hamamatsu-pippi.net/shiritai/ninkagai_kigyo/2018051400210/,053-457-5210,,40,,,,,,,,,,,,,,,,,,,,,,,,
託児所るれいるーむ,託児所るれいるーむ,,私立,,N,N,認可外保育所,,浜松市中区北寺島町211-8,ヴェルデキタテラ1階,34.704034,137.741472,https://www.hamamatsu-pippi.net/shiritai/ninkagai_kigyo/2016031400076/,053-489-9221,,23,,,,,,,,,,,,,,,,,,,,,,,,
nino保育園,nino保育所,,私立,,N,N,認可外保育所,,浜松市中区中島三丁目25-3,,34.699782,137.749847,https://www.hamamatsu-pippi.net/shiritai/ninkagai_kigyo/2018061500016/,053-582-6100,,12,,,,,,,,,,,,,,,,,,,,,,,,
はままつ竹の子保育園,はままつ竹の子保育園,,私立,,N,N,認可外保育所,,浜松市中区菅原町9-31,,34.699506,137.725646,https://www.hamamatsu-pippi.net/shiritai/ninkagai_kigyo/2018081000602/,053-543-7733,,15,,,,,,,,,,,,,,,,,,,,,,,,
出雲殿グループ保育園　ちゅうおう,出雲殿グループ保育園　ちゅうおう,,私立,,N,N,認可外保育所,,浜松市中区中央一丁目16-9,1階,34.709277,137.735939,https://www.hamamatsu-pippi.net/shiritai/ninkagai_kigyo/2018090300045/,053-488-5611,,19,,,,,,,,,,,,,,,,,,,,,,,,
ぬくもりのおうちママサポート保育板屋町園,ぬくもりのおうちママサポート保育板屋町園,,私立,,N,N,認可外保育所,,浜松市中区板屋町101-10,伊藤ビル1階,34.707921,137.733770,https://www.hamamatsu-pippi.net/shiritai/ninkagai_kigyo/2018091200023/,053-415-8821,,19,,,,,,,,,,,,,,,,,,,,,,,,
ひろば保育園ほそじま,ひろば保育園ほそじま,,私立,,N,N,認可外保育所,,浜松市中区細島町11-3,,34.723514,137.751328,https://www.hamamatsu-pippi.net/shiritai/ninkagai_kigyo/2018092800048/,053-467-6789,,12,,,,,,,,,,,,,,,,,,,,,,,,
Papilles保育園,Papilles保育園,,私立,,N,N,認可外保育所,,浜松市中区上島三丁目27?2,,34.740502,137.747650,https://www.hamamatsu-pippi.net/shiritai/ninkagai_kigyo/2019010700198/,053-443-7755,,12,,,,,,,,,,,,,,,,,,,,,,,,
にこにこ保育園,にこにこ保育園,,私立,,N,N,認可外保育所,,浜松市中区高林四丁目3-10,,34.728295,137.733401,https://www.hamamatsu-pippi.net/shiritai/ninkagai_kigyo/2018061500023/,053-522-8787,,12,,,,,,,,,,,,,,,,,,,,,,,,
駅南ナーサリー,駅南ナーサリー,,私立,,N,N,認可外保育所,,浜松市中区北寺島町160-1,,34.701790,137.740661,https://www.hamamatsu-pippi.net/shiritai/ninkagai_kigyo/2019100900064/,053-401-2552,,19,,,,,,,,,,,,,,,,,,,,,,,,
おとのいえ,おとのいえ,,私立,,N,N,認可外保育所,,浜松市中区中沢町10-1,,34.719242,137.733594,https://www.hamamatsu-pippi.net/shiritai/ninkagai_kigyo/2019102500101/,053-479-1650,,50,,,,,,,,,,,,,,,,,,,,,,,,
いろにこ保育園,いろにこ保育園,,私立,,N,N,認可外保育所,,浜松市中区小豆餅三丁目23-1,,34.755412,137.728227,https://www.hamamatsu-pippi.net/shiritai/ninkagai_kigyo/2019110600220/,053-414-1625,,19,,,,,,,,,,,,,,,,,,,,,,,,
パンダ保育園,パンダ保育園,,私立,,N,N,認可外保育所,,浜松市中区幸二丁目44-13,,34.735547,137.732396,https://www.hamamatsu-pippi.net/shiritai/ninkagai_kigyo/2020052700039/,053-488-9180,,18,,,,,,,,,,,,,,,,,,,,,,,,
ひだまり保育園,ひだまり保育園,,私立,,N,N,認可外保育所,,浜松市東区国吉町339-2,,34.721252,137.796422,https://www.hamamatsu-pippi.net/shiritai/ninkagai_kigyo/2017051700177/,053-453-4560,,12,,,,,,,,,,,,,,,,,,,,,,,,
都市型保育園ポポラー浜松プラザフレスポ園,都市型保育園ポポラー浜松プラザフレスポ園,,私立,,N,N,認可外保育所,,浜松市東区上西町1020-1,浜松プラザフレスポ2階,34.725741,137.764213,https://www.hamamatsu-pippi.net/shiritai/ninkagai_kigyo/2017051700153/,053-467-6060,,39,,,,,,,,,,,,,,,,,,,,,,,,
キッズハウスおおかば,キッズハウスおおかば,,私立,,N,N,認可外保育所,,浜松市東区大蒲町120-1,,34.715381,137.769093,https://www.hamamatsu-pippi.net/shiritai/ninkagai_kigyo/2017051700160/,053-463-6310,,19,,,,,,,,,,,,,,,,,,,,,,,,
さんくすキッズ保育園,さんくすキッズ保育園,,私立,,N,N,認可外保育所,,浜松市東区下石田町1782-1,伊藤ビル1階,34.737056,137.788676,https://www.hamamatsu-pippi.net/shiritai/ninkagai_kigyo/2017062800071/,053-466-1203,,18,,,,,,,,,,,,,,,,,,,,,,,,
きらきら保育園,きらきら保育園,,私立,,N,N,認可外保育所,,浜松市東区上西町56-12,,34.723152,137.758168,https://www.hamamatsu-pippi.net/shiritai/ninkagai_kigyo/2018032700032/,053-424-7924,,19,,,,,,,,,,,,,,,,,,,,,,,,
半田山こもれび保育園,半田山こもれび保育園,,私立,,N,N,認可外保育所,,浜松市東区半田山三丁目53-5,,34.774180,137.737025,https://www.hamamatsu-pippi.net/shiritai/ninkagai_kigyo/2018041300025/,053-589-4646,,19,,,,,,,,,,,,,,,,,,,,,,,,
キッズハウスなかだ,キッズハウスなかだ,,私立,,N,N,認可外保育所,,浜松市東区中田町315-5,,34.734896,137.756146,https://www.hamamatsu-pippi.net/shiritai/ninkagai_kigyo/2018051600047/,053-424-8116,,12,,,,,,,,,,,,,,,,,,,,,,,,
ヒーローズ保育園　浜松東,ヒーローズ保育園　浜松東,,私立,,N,N,認可外保育所,,浜松市東区将監町23-3,忠産ビル1階,34.714922,137.755961,https://www.hamamatsu-pippi.net/shiritai/ninkagai_kigyo/2019060600301/,053-544-6062,,40,,,,,,,,,,,,,,,,,,,,,,,,
ひろば保育園ありたま,ひろば保育園ありたま,,私立,,N,N,認可外保育所,,浜松市東区有玉南町1120,,34.755252,137.745637,https://www.hamamatsu-pippi.net/shiritai/ninkagai_kigyo/2020021900026/,053-432-6622,,12,,,,,,,,,,,,,,,,,,,,,,,,
てんとうむし東山保育園,てんとうむし東山保育園,,私立,,N,N,認可外保育所,,浜松市西区大山町2957-1,,34.778950,137.681207,https://www.hamamatsu-pippi.net/shiritai/ninkagai_kigyo/2017051700191/,053-401-3011,,60,,,,,,,,,,,,,,,,,,,,,,,,
遠鉄グループ保育園かんざんじ,遠鉄グループ保育園かんざんじ,,私立,,N,N,認可外保育所,,浜松市西区舘山寺町2003-2,遠鉄観光開発（株）社員寮S棟,34.762708,137.614041,https://www.hamamatsu-pippi.net/shiritai/ninkagai_kigyo/2017051700184/,053-454-2301,,19,,,,,,,,,,,,,,,,,,,,,,,,
ハミングバード保育園,ハミングバード保育園,,私立,,N,N,認可外保育所,,浜松市南区鶴見町447,,34.707349,137.786129,https://www.hamamatsu-pippi.net/shiritai/ninkagai_kigyo/2018111500010/,053-425-8810,,12,,,,,,,,,,,,,,,,,,,,,,,,
nursery　こりす,nursery　こりす,,私立,,N,N,認可外保育所,,浜松市北区豊岡町416-4,,34.792232,137.728583,https://www.hamamatsu-pippi.net/shiritai/ninkagai_kigyo/2020011000019/,053-401-0740,,12,,,,,,,,,,,,,,,,,,,,,,,,
医療法人社団誠心会　浜北さくら台病院保育施設,浜北さくら台病院保育施設,,私立,,N,N,認可外保育所,,浜松市浜北区四大地9-68,,34.837999,137.759317,https://www.hamamatsu-pippi.net/shiritai/ninkagai_kigyo/2019020400026/,053-582-2311,,12,,,,,,,,,,,,,,,,,,,,,,,,
企業主導型保育園ふわふわ,企業主導型保育園ふわふわ,,私立,,N,N,認可外保育所,,浜松市浜北区貴布祢418-3,,34.795597,137.786585,https://www.hamamatsu-pippi.net/shiritai/ninkagai_kigyo/2019040800141/,053-544-6555,,12,,,,,,,,,,,,,,,,,,,,,,,,
?toile保育園,?toile保育園,,私立,,N,N,認可外保育所,,浜松市浜北区寺島3270-7,,34.782878,137.788607,https://www.hamamatsu-pippi.net/shiritai/ninkagai_kigyo/2020022600048/,053-582-6444,,12,,,,,,,,,,,,,,,,,,,,,,,,
浜名愛ノ宮保育園,浜名愛ノ宮保育園,,私立,,N,N,認可外保育所,,浜松市浜北区小松465-3,,34.789948,137.778241,https://www.hamamatsu-pippi.net/shiritai/ninkagai_kigyo/2020032300143/,053-585-7311,,124,,,,,,,,,,,,,,,,,,,,,,,,
南の星幼稚園,南の星幼稚園,浜松市,公立,,,,幼稚園,,浜松市南区西島町1148-1,,34.662615,137.768259,https://www.hamamatsu-pippi.net/shiritai/you_koritsu/2014021909110/,053-425-2836,,60,,,8:30,14:00,,,N,,,,,,,,,,,,,,,,,
和田幼稚園,和田幼稚園,浜松市,公立,,,,幼稚園,,浜松市東区薬師町291,,34.725429,137.783205,https://www.hamamatsu-pippi.net/shiritai/you_koritsu/2014021908953/,053-421-2942,,80,,,8:30,14:00,,,N,,,,,,,,,,,,,,,,,
与進幼稚園,与進幼稚園,浜松市,公立,,,,幼稚園,,浜松市東区市野町2404-1,,34.741753,137.770641,https://www.hamamatsu-pippi.net/shiritai/you_koritsu/2014021908960/,053-421-1442,,120,,,7:30,18:30,,,Y,,,,,,,,,,,,,,,,,
豊西幼稚園,豊西幼稚園,浜松市,公立,,,,幼稚園,,浜松市東区豊西町1551,,34.767297,137.804187,https://www.hamamatsu-pippi.net/shiritai/you_koritsu/2014021908977/,053-434-1259,,90,,,7:30,18:30,,,Y,,,,,,,,,,,,,,,,,
笠井幼稚園,笠井幼稚園,浜松市,公立,,,,幼稚園,,浜松市東区笠井町478-1,,34.770869,137.795206,https://www.hamamatsu-pippi.net/shiritai/you_koritsu/2014021908984/,053-434-1205,,80,,,8:30,14:00,,,N,,,,,,,,,,,,,,,,,
中ノ町幼稚園,中ノ町幼稚園,浜松市,公立,,,,幼稚園,,浜松市東区中野町427-1,,34.730183,137.793135,https://www.hamamatsu-pippi.net/shiritai/you_koritsu/2014021908991/,053-421-3873,,70,,,8:30,14:00,,,N,,,,,,,,,,,,,,,,,
芳川幼稚園,芳川幼稚園,浜松市,公立,,,,幼稚園,,浜松市南区芳川町190,,34.693027,137.765301,https://www.hamamatsu-pippi.net/shiritai/you_koritsu/2014021909127/,053-461-5642,,70,,,8:30,14:00,,,N,,,,,,,,,,,,,,,,,
花川幼稚園,花川幼稚園,浜松市,公立,,,,幼稚園,,浜松市中区花川町1908-1,,34.774195,137.687348,https://www.hamamatsu-pippi.net/shiritai/you_koritsu/2014021908946/,053-436-1209,,30,,,8:30,14:00,,,N,,,,,,,,,,,,,,,,,
豊岡幼稚園,豊岡幼稚園,浜松市,公立,,,,幼稚園,,浜松市北区豊岡町22,,34.786960,137.719417,https://www.hamamatsu-pippi.net/shiritai/you_koritsu/2014021909165/,053-436-2155,,130,,,8:30,14:00,,,N,,,,,,,,,,,,,,,,,
三方原幼稚園,三方原幼稚園,浜松市,公立,,,,幼稚園,,浜松市北区三方原町284-7,,34.774587,137.710829,https://www.hamamatsu-pippi.net/shiritai/you_koritsu/2014021909172/,053-436-2516,,70,,,8:30,14:00,,,N,,,,,,,,,,,,,,,,,
初生幼稚園,初生幼稚園,浜松市,公立,,,,幼稚園,,浜松市北区初生町991,,34.768847,137.725965,https://www.hamamatsu-pippi.net/shiritai/you_koritsu/2014021909189/,053-436-2106,,70,,,8:30,14:00,,,N,,,,,,,,,,,,,,,,,
白脇幼稚園,白脇幼稚園,浜松市,公立,,,,幼稚園,,浜松市南区寺脇町230,,34.681906,137.742686,https://www.hamamatsu-pippi.net/shiritai/you_koritsu/2014021909134/,053-441-0531,,80,,,7:30,18:30,,,Y,,,,,,,,,,,,,,,,,
飯田幼稚園,飯田幼稚園,浜松市,公立,,,,幼稚園,,浜松市南区飯田町1014,,34.703687,137.773298,https://www.hamamatsu-pippi.net/shiritai/you_koritsu/2014021909141/,053-461-9555,,70,,,8:30,14:00,,,N,,,,,,,,,,,,,,,,,
神久呂幼稚園,神久呂幼稚園,浜松市,公立,,,,幼稚園,,浜松市西区神ケ谷町7888,,34.726972,137.670701,https://www.hamamatsu-pippi.net/shiritai/you_koritsu/2014021909035/,053-485-8548,,80,,,8:30,14:00,,,N,,,,,,,,,,,,,,,,,
万斛幼稚園,万斛幼稚園,浜松市,公立,,,,幼稚園,,浜松市東区中郡町895,,34.768381,137.773599,https://www.hamamatsu-pippi.net/shiritai/you_koritsu/2014021909004/,053-434-0049,,90,,,8:30,14:00,,,N,,,,,,,,,,,,,,,,,
有玉幼稚園,有玉幼稚園,浜松市,公立,,,,幼稚園,,浜松市東区有玉南町585,,34.755815,137.750972,https://www.hamamatsu-pippi.net/shiritai/you_koritsu/2014021909011/,053-434-0263,,100,,,8:30,14:00,,,N,,,,,,,,,,,,,,,,,
橋爪幼稚園,橋爪幼稚園,浜松市,公立,,,,幼稚園,,浜松市東区西ケ崎町1067,,34.773653,137.767599,https://www.hamamatsu-pippi.net/shiritai/you_koritsu/2014021909028/,053-434-0329,,140,,,7:30,18:30,,,Y,,,,,,,,,,,,,,,,,
伊佐見幼稚園,伊佐見幼稚園,浜松市,公立,,,,幼稚園,,浜松市西区伊左地町5,,34.744218,137.655692,https://www.hamamatsu-pippi.net/shiritai/you_koritsu/2014021909042/,053-486-0076,,50,,,8:30,14:00,,,N,,,,,,,,,,,,,,,,,
和地幼稚園,和地幼稚園,浜松市,公立,,,,幼稚園,,浜松市西区和地町1833-2,,34.763532,137.653213,https://www.hamamatsu-pippi.net/shiritai/you_koritsu/2014021909066/,053-486-0056,,40,,,8:30,14:00,,,N,,,,,,,,,,,,,,,,,
北庄内幼稚園,北庄内幼稚園,浜松市,公立,,,,幼稚園,,浜松市西区舘山寺町110-6,,34.761254,137.627397,https://www.hamamatsu-pippi.net/shiritai/you_koritsu/2014021909073/,053-487-0553,,80,,,8:30,14:00,,,N,,,,,,,,,,,,,,,,,
村櫛幼稚園,村櫛幼稚園,浜松市,公立,,,,幼稚園,,浜松市西区村櫛町3195,,34.726134,137.591448,https://www.hamamatsu-pippi.net/shiritai/you_koritsu/2014021909080/,053-489-2250,,60,,,8:30,14:00,,,N,,,,,,,,,,,,,,,,,
可美幼稚園,可美幼稚園,浜松市,公立,,,,幼稚園,,浜松市南区増楽町1199,,34.689090,137.694010,https://www.hamamatsu-pippi.net/shiritai/you_koritsu/2014021909158/,053-447-0321,,170,,,7:30,18:30,,,Y,,,,,,,,,,,,,,,,,
舞阪幼稚園,舞阪幼稚園,浜松市,公立,,,,幼稚園,,浜松市西区舞阪町舞阪2668-33,,34.679972,137.610317,https://www.hamamatsu-pippi.net/shiritai/you_koritsu/2014021909103/,053-592-7600,,80,,,8:30,17:30,,,Y,,,,,,,,,,,,,,,,,
雄踏幼稚園,雄踏幼稚園,浜松市,公立,,,,幼稚園,,浜松市西区雄踏町宇布見7406,,34.706721,137.630981,https://www.hamamatsu-pippi.net/shiritai/you_koritsu/2014021909097/,053-592-3000,,260,,,8:10,17:30,,,Y,,,,,,,,,,,,,,,,,
小松幼稚園,小松幼稚園,浜松市,公立,,,,幼稚園,,浜松市浜北区小松2400,,34.788676,137.771697,https://www.hamamatsu-pippi.net/shiritai/you_koritsu/2014021909325/,053-586-2002,,110,,,8:50,14:30,,,N,,,,,,,,,,,,,,,,,
平口幼稚園,平口幼稚園,浜松市,公立,,,,幼稚園,,浜松市浜北区平口2583,,34.793847,137.767255,https://www.hamamatsu-pippi.net/shiritai/you_koritsu/2014021909332/,053-586-2463,,60,,,8:50,14:30,,,N,,,,,,,,,,,,,,,,,
北浜南幼稚園,北浜南幼稚園,浜松市,公立,,,,幼稚園,,浜松市浜北区寺島2436-3,,34.780363,137.793363,https://www.hamamatsu-pippi.net/shiritai/you_koritsu/2014021909356/,053-586-2993,,120,,,8:50,14:30,,,N,,,,,,,,,,,,,,,,,
北浜中央幼稚園,北浜中央幼稚園,浜松市,公立,,,,幼稚園,,浜松市浜北区西美薗1624-1,,34.801134,137.799183,https://www.hamamatsu-pippi.net/shiritai/you_koritsu/2014021909363/,053-586-2992,,120,,,8:50,14:30,,,N,,,,,,,,,,,,,,,,,
北浜北幼稚園,北浜北幼稚園,浜松市,公立,,,,幼稚園,,浜松市浜北区小林1522-2,,34.810322,137.791619,https://www.hamamatsu-pippi.net/shiritai/you_koritsu/2014021909370/,053-586-2092,,40,,,8:50,14:30,,,N,,,,,,,,,,,,,,,,,
北浜東幼稚園,北浜東幼稚園,浜松市,公立,,,,幼稚園,,浜松市浜北区善地1546,,34.791664,137.810140,https://www.hamamatsu-pippi.net/shiritai/you_koritsu/2014021909387/,053-586-2001,,80,,,8:50,14:30,,,N,,,,,,,,,,,,,,,,,
中瀬幼稚園,中瀬幼稚園,浜松市,公立,,,,幼稚園,,浜松市浜北区中瀬3531,,34.825020,137.812245,https://www.hamamatsu-pippi.net/shiritai/you_koritsu/2014021909394/,053-588-7375,,180,,,7:30,18:30,,,Y,,,,,,,,,,,,,,,,,
上島幼稚園,上島幼稚園,浜松市,公立,,,,幼稚園,,浜松市浜北区上島217,,34.847064,137.817058,https://www.hamamatsu-pippi.net/shiritai/you_koritsu/2014021909400/,053-583-2709,,30,,,7:30,18:30,,,Y,,,,,,,,,,,,,,,,,
赤佐幼稚園,赤佐幼稚園,浜松市,公立,,,,幼稚園,,浜松市浜北区於呂3524-68,,34.840254,137.800843,https://www.hamamatsu-pippi.net/shiritai/you_koritsu/2014021909417/,053-588-7591,,80,,,7:30,18:30,,,Y,,,,,,,,,,,,,,,,,
赤佐西幼稚園,赤佐西幼稚園,浜松市,公立,,,,幼稚園,,浜松市浜北区於呂2235,,34.831710,137.792133,https://www.hamamatsu-pippi.net/shiritai/you_koritsu/2014021909424/,053-588-1013,,80,,,8:50,14:30,,,N,,,,,,,,,,,,,,,,,
宮口幼稚園,宮口幼稚園,浜松市,公立,,,,幼稚園,,浜松市浜北区宮口1526-1,,34.824508,137.771102,https://www.hamamatsu-pippi.net/shiritai/you_koritsu/2014021909431/,053-589-8552,,100,,,7:30,18:30,,,Y,,,,,,,,,,,,,,,,,
新原幼稚園,新原幼稚園,浜松市,公立,,,,幼稚園,,浜松市浜北区新原2315,,34.817048,137.781644,https://www.hamamatsu-pippi.net/shiritai/you_koritsu/2014021909448/,053-589-8413,,90,,,8:50,14:30,,,N,,,,,,,,,,,,,,,,,
二俣幼稚園,二俣幼稚園,浜松市,公立,,,,幼稚園,,浜松市天竜区二俣町二俣158-2,,34.865864,137.821221,https://www.hamamatsu-pippi.net/shiritai/you_koritsu/2014021909455/,053-925-2077,,90,,,8:30,14:00,,,N,,,,,,,,,,,,,,,,,
光明幼稚園,光明幼稚園,浜松市,公立,,,,幼稚園,,浜松市天竜区山東2314,,34.879705,137.829383,https://www.hamamatsu-pippi.net/shiritai/you_koritsu/2014021909462/,053-925-2514,,120,,,7:30,18:30,,,Y,,,,,,,,,,,,,,,,,
竜川幼稚園,竜川幼稚園,浜松市,公立,,,,幼稚園,,浜松市天竜区横山町547,,34.942974,137.817268,https://www.hamamatsu-pippi.net/shiritai/you_koritsu/2014021909486/,053-923-0735,,10,,,8:30,14:00,,,N,,,,,,,,,,,,,,,,,
熊幼稚園,熊幼稚園,浜松市,公立,,,,幼稚園,,浜松市天竜区熊2153,,34.959508,137.732949,https://www.hamamatsu-pippi.net/shiritai/you_koritsu/2014021909493/,053-929-0133,,10,,,8:30,14:00,,,N,,,,,,,,,,,,,,,,,
上阿多古幼稚園,上阿多古幼稚園,浜松市,公立,,,,幼稚園,,浜松市天竜区西藤平1266-1,,34.911953,137.763880,https://www.hamamatsu-pippi.net/shiritai/you_koritsu/2014021909509/,053-928-0030,,30,,,8:30,14:00,,,N,,,,,,,,,,,,,,,,,
下阿多古幼稚園,下阿多古幼稚園,浜松市,公立,,,,幼稚園,,浜松市天竜区両島762,,34.882928,137.792076,https://www.hamamatsu-pippi.net/shiritai/you_koritsu/2014021909516/,053-925-6755,,30,,,8:30,14:00,,,N,,,,,,,,,,,,,,,,,
犬居幼稚園,犬居幼稚園,浜松市,公立,,,,幼稚園,,浜松市天竜区春野町堀之内989-1,,34.958860,137.898197,https://www.hamamatsu-pippi.net/shiritai/you_koritsu/2014021909523/,053-985-0821,,20,,,8:30,14:00,,,N,,,,,,,,,,,,,,,,,
気田幼稚園,気田幼稚園,浜松市,公立,,,,幼稚園,,浜松市天竜区春野町気田624,,35.004315,137.906709,https://www.hamamatsu-pippi.net/shiritai/you_koritsu/2014021909530/,053-989-0201,,40,,,8:30,14:00,,,N,,,,,,,,,,,,,,,,,
浦川幼稚園,浦川幼稚園,浜松市,公立,,,,幼稚園,,浜松市天竜区佐久間町浦川2799,,35.052205,137.760943,https://www.hamamatsu-pippi.net/shiritai/you_koritsu/2014021909547/,053-967-3803,,20,,,8:30,17:30,,,Y,,,,,,,,,,,,,,,,,
佐久間幼稚園,佐久間幼稚園,浜松市,公立,,,,幼稚園,,浜松市天竜区佐久間町半場47,,35.087518,137.802187,https://www.hamamatsu-pippi.net/shiritai/you_koritsu/2014021909554/,053-965-0260,,20,,,8:30,17:30,,,Y,,,,,,,,,,,,,,,,,
西気賀幼稚園,西気賀幼稚園,浜松市,公立,,,,幼稚園,,浜松市北区細江町気賀10052-4,,34.803195,137.623369,https://www.hamamatsu-pippi.net/shiritai/you_koritsu/2014021909196/,053-523-1149,,20,,,8:30,14:00,,,N,,,,,,,,,,,,,,,,,
伊目幼稚園,伊目幼稚園,浜松市,公立,,,,幼稚園,,浜松市北区細江町気賀3207-1,,34.787337,137.642771,https://www.hamamatsu-pippi.net/shiritai/you_koritsu/2014021909202/,053-523-1197,,50,,,8:30,14:00,,,N,,,,,,,,,,,,,,,,,
中川幼稚園,中川幼稚園,浜松市,公立,,,,幼稚園,,浜松市北区細江町中川2418-2,,34.809130,137.678457,https://www.hamamatsu-pippi.net/shiritai/you_koritsu/2014021909219/,053-523-1364,,80,,,7:30,18:30,,,Y,,,,,,,,,,,,,,,,,
中央幼稚園,中央幼稚園,浜松市,公立,,,,幼稚園,,浜松市北区細江町気賀304,,34.805873,137.651106,https://www.hamamatsu-pippi.net/shiritai/you_koritsu/2014021909226/,053-523-0135,,60,,,8:50,14:30,,,N,,,,,,,,,,,,,,,,,
高台幼稚園,高台幼稚園,浜松市,公立,,,,幼稚園,,浜松市北区細江町中川7172-701,,34.794164,137.685429,https://www.hamamatsu-pippi.net/shiritai/you_koritsu/2014021909233/,053-523-0879,,40,,,8:50,14:30,,,N,,,,,,,,,,,,,,,,,
引佐幼稚園,引佐幼稚園,浜松市,公立,,,,幼稚園,,浜松市北区神宮寺町8-48,,34.831332,137.671005,https://www.hamamatsu-pippi.net/shiritai/you_koritsu/2014021909240/,053-542-1933,,120,,,7:30,18:30,,,Y,,,,,,,,,,,,,,,,,
金指幼稚園,金指幼稚園,浜松市,公立,,,,幼稚園,,浜松市北区引佐町金指862-3,,34.822953,137.683036,https://www.hamamatsu-pippi.net/shiritai/you_koritsu/2014021909257/,053-542-2115,,20,,,7:30,18:30,,,Y,,,,,,,,,,,,,,,,,
奥山幼稚園,奥山幼稚園,浜松市,公立,,,,幼稚園,,浜松市北区引佐町奥山1110-1,,34.845846,137.629730,https://www.hamamatsu-pippi.net/shiritai/you_koritsu/2014021909264/,053-543-0158,,40,,,7:30,18:30,,,Y,,,,,,,,,,,,,,,,,
伊平幼稚園,伊平幼稚園,浜松市,公立,,,,幼稚園,,浜松市北区引佐町伊平778-1,,34.864972,137.661065,https://www.hamamatsu-pippi.net/shiritai/you_koritsu/2014021909271/,053-544-0718,,20,,,7:30,18:30,,,Y,,,,,,,,,,,,,,,,,
引佐北部みさと幼稚園,引佐北部みさと幼稚園,浜松市,公立,,,,幼稚園,,浜松市北区引佐町田沢432-1,,34.897821,137.656363,https://www.hamamatsu-pippi.net/shiritai/you_koritsu/2014021909288/,053-544-0739,,30,,,7:30,18:30,,,Y,,,,,,,,,,,,,,,,,
尾奈幼稚園,尾奈幼稚園,浜松市,公立,,,,幼稚園,,浜松市北区三ヶ日町下尾奈1461-1,,34.784836,137.538071,https://www.hamamatsu-pippi.net/shiritai/you_koritsu/2014021909295/,053-524-0011,,50,,,8:40,16:30,,,Y,,,,,,,,,,,,,,,,,
大崎幼稚園,大崎幼稚園,浜松市,公立,,,,幼稚園,,浜松市北区三ヶ日町大崎1665-20,,34.772356,137.563452,https://www.hamamatsu-pippi.net/shiritai/you_koritsu/2014021909301/,053-526-0517,,40,,,8:40,16:30,,,Y,,,,,,,,,,,,,,,,,
平山幼稚園,平山幼稚園,浜松市,公立,,,,幼稚園,,浜松市北区三ヶ日町平山223-1,,34.825425,137.536848,https://www.hamamatsu-pippi.net/shiritai/you_koritsu/2014021909318/,053-524-0608,,30,,,8:40,16:30,,,Y,,,,,,,,,,,,,,,,,
内野幼稚園,内野幼稚園,浜松市,公立,,,,幼稚園,,浜松市浜北区内野1648-1,,34.783310,137.756409,https://www.hamamatsu-pippi.net/shiritai/you_koritsu/2014021909349/,053-586-4777,,150,,,8:50,14:30,,,N,,,,,,,,,,,,,,,,,
萩丘幼稚園,萩丘幼稚園,,私立,,,,幼稚園,,浜松市中区泉二丁目3番10号,,34.743424,137.722775,https://www.hamamatsu-pippi.net/shiritai/you_shiritsu_jurai/2014021909806/,053-471-2494,,420,満3歳児保育あり,,8:00,18:00,,,Y,,,,,,,,,,,,,,,,,
鴨江幼稚園,鴨江幼稚園,,私立,,,,幼稚園,,浜松市中区鴨江町97番地の3,,34.704573,137.721004,https://www.hamamatsu-pippi.net/shiritai/you_shiritsu_jurai/2014021909585/,053-452-5456,,420,満3歳児保育あり,,9:50,18:00,,,Y,,,,,,,,,,,,,,,,,
成子幼稚園,成子幼稚園,,私立,,,,幼稚園,,浜松市中区成子町13番地,,34.700636,137.725910,https://www.hamamatsu-pippi.net/shiritai/you_shiritsu_jurai/2014021909691/,053-452-2451,,280,満3歳児保育あり,,8:30,17:20,,,Y,,,,,,,,,,,,,,,,,
富塚幼稚園,富塚幼稚園,,私立,,,,幼稚園,,浜松市中区富塚町659番地,,34.725583,137.705923,https://www.hamamatsu-pippi.net/shiritai/you_shiritsu_jurai/2014021909721/,053-471-3491,,440,満3歳児保育あり,,7:30,18:30,,,Y,,,,,,,,,,,,,,,,,
佐藤幼稚園,佐藤幼稚園,,私立,,,,幼稚園,,浜松市中区佐藤三丁目15番18号,,34.713017,137.750582,https://www.hamamatsu-pippi.net/shiritai/you_shiritsu_jurai/2014021909738/,053-463-7882,,170,満3歳児保育あり,,8:00,17:30,,,Y,,,,,,,,,,,,,,,,,
ひくま幼稚園,ひくま幼稚園,,私立,,,,幼稚園,,浜松市中区助信町35番30号,,34.722858,137.735980,https://www.hamamatsu-pippi.net/shiritai/you_shiritsu_jurai/2014021909769/,053-471-6197,,300,,,7:45,17:30,,,Y,,,,,,,,,,,,,,,,,
普済寺幼稚園,普済寺幼稚園,,私立,,,,幼稚園,,浜松市中区広沢一丁目2番1号,,34.713349,137.719844,https://www.hamamatsu-pippi.net/shiritai/you_shiritsu_jurai/2014021909646/,053-453-1321,,260,満3歳児保育あり,,7:30,18:00,,,Y,,,,,,,,,,,,,,,,,
蜆塚幼稚園,蜆塚幼稚園,,私立,,,,幼稚園,,浜松市中区蜆塚一丁目20番2号,,34.713717,137.713191,https://www.hamamatsu-pippi.net/shiritai/you_shiritsu_jurai/2014021909653/,053-452-4426,,90,,,8:00,17:30,,,Y,,,,,,,,,,,,,,,,,
あけぼの幼稚園,あけぼの幼稚園,,私立,,,,幼稚園,,浜松市中区城北二丁目5番28号,,34.721292,137.721086,https://www.hamamatsu-pippi.net/shiritai/you_shiritsu_jurai/2014021909608/,053-472-5818,,210,満3歳児保育あり,,7:30,18:00,,,Y,,,,,,,,,,,,,,,,,
河輪幼稚園,河輪幼稚園,,私立,,,,幼稚園,,浜松市南区東町238番地の1,,34.679274,137.783932,https://www.hamamatsu-pippi.net/shiritai/you_shiritsu_jurai/2014021910000/,053-425-2044,,200,,,7:30,17:00,,,Y,,,,,,,,,,,,,,,,,
上島幼稚園,上島幼稚園,,私立,,,,幼稚園,,浜松市中区上島一丁目22番5号,,34.736739,137.741818,https://www.hamamatsu-pippi.net/shiritai/you_shiritsu_jurai/2014021909776/,053-471-8951,,240,満3歳児保育あり,,7:30,18:00,,,Y,,,,,,,,,,,,,,,,,
昭和幼稚園,昭和幼稚園,,私立,,,,幼稚園,,浜松市中区向宿一丁目8番15号,,34.706391,137.751660,https://www.hamamatsu-pippi.net/shiritai/you_shiritsu_jurai/2014021909745/,053-461-3344,,270,,,8:00,17:45,,,Y,,,,,,,,,,,,,,,,,
早出幼稚園,早出幼稚園,,私立,,,,幼稚園,,浜松市中区早出町1414番地の1,,34.733654,137.749063,https://www.hamamatsu-pippi.net/shiritai/you_shiritsu_jurai/2014021909783/,053-464-4618,,180,満3歳児保育あり,,8:00,18:00,,,Y,,,,,,,,,,,,,,,,,
蒲幼稚園,蒲幼稚園,,私立,,,,幼稚園,,浜松市東区神立町480番地,,34.716632,137.750984,https://www.hamamatsu-pippi.net/shiritai/you_shiritsu_jurai/2014021909851/,053-461-2612,,500,満3歳児保育あり,,8:00,18:00,,,Y,,,,,,,,,,,,,,,,,
駅南幼稚園,駅南幼稚園,,私立,,,,幼稚園,,浜松市中区寺島町478番地,,34.701511,137.740767,https://www.hamamatsu-pippi.net/shiritai/you_shiritsu_jurai/2014021909684/,053-452-3734,,300,満3歳児保育あり,,8:00,17:30,,,Y,,,,,,,,,,,,,,,,,
朝田幼稚園,朝田幼稚園,,私立,,,,幼稚園,,浜松市中区法枝町116番地の1,,34.685480,137.727933,https://www.hamamatsu-pippi.net/shiritai/you_shiritsu_jurai/2014021909844/,053-441-0369,,300,満3歳児保育あり,,8:00,17:30,,,Y,,,,,,,,,,,,,,,,,
城北幼稚園,城北幼稚園,,私立,,,,幼稚園,,浜松市中区文丘町27番3号,,34.726581,137.715484,https://www.hamamatsu-pippi.net/shiritai/you_shiritsu_jurai/2014021909622/,053-472-0336,,300,満3歳児保育あり,,7:45,18:00,,,Y,,,,,,,,,,,,,,,,,
百花幼稚園,百花幼稚園,,私立,,,,幼稚園,,浜松市北区根洗町1497番地の2,,34.792320,137.710159,https://www.hamamatsu-pippi.net/shiritai/you_shiritsu_jurai/2014021910031/,053-438-0545,,310,,,8:00,17:30,,,Y,,,,,,,,,,,,,,,,,
青葉幼稚園,青葉幼稚園,,私立,,,,幼稚園,,浜松市中区栄町118番地,,34.704071,137.725967,https://www.hamamatsu-pippi.net/shiritai/you_shiritsu_jurai/2014021909592/,053-454-0255,,380,満3歳児保育あり,,9:00,18:00,,,Y,,,,,,,,,,,,,,,,,
浜松葵幼稚園,浜松葵幼稚園,,私立,,,,幼稚園,,浜松市中区幸四丁目27番1号,,34.743792,137.730864,https://www.hamamatsu-pippi.net/shiritai/you_shiritsu_jurai/2014021909813/,053-471-6878,,380,満3歳児保育あり,,8:00,17:30,,,Y,,,,,,,,,,,,,,,,,
浜松学院大学付属幼稚園,浜松学院大学付属幼稚園,,私立,,,,幼稚園,,浜松市中区住吉一丁目22番5号,,34.727179,137.723551,https://www.hamamatsu-pippi.net/shiritai/you_shiritsu_jurai/2014021909820/,053-472-5193,,260,満3歳児保育あり,,7:30,18:30,,,Y,,,,,,,,,,,,,,,,,
緑ヶ丘幼稚園,緑ヶ丘幼稚園,,私立,,,,幼稚園,,浜松市中区東伊場一丁目24番6号,,34.700568,137.714874,https://www.hamamatsu-pippi.net/shiritai/you_shiritsu_jurai/2014021909707/,053-455-1253,,315,満3歳児保育あり,,7:30,17:30,,,Y,,,,,,,,,,,,,,,,,
松城幼稚園,松城幼稚園,,私立,,,,幼稚園,,浜松市中区鹿谷町1番1号,,34.713179,137.722292,https://www.hamamatsu-pippi.net/shiritai/you_shiritsu_jurai/2014021909615/,053-452-2088,,150,満3歳児保育あり,,7:30,17:00,,,Y,,,,,,,,,,,,,,,,,
さなる幼稚園,さなる幼稚園,,私立,,,,幼稚園,,浜松市西区大平台四丁目9番1号,,34.710040,137.678687,https://www.hamamatsu-pippi.net/shiritai/you_shiritsu_jurai/2014021909905/,053-485-7502,,345,満3歳児保育あり,,7:45,17:30,,,Y,,,,,,,,,,,,,,,,,
志都呂幼稚園,志都呂幼稚園,,私立,,,,幼稚園,,浜松市西区志都呂町1302番地,,34.701200,137.655417,https://www.hamamatsu-pippi.net/shiritai/you_shiritsu_jurai/2014021909912/,053-448-1283,,270,満3歳児保育あり,,8:30,17:30,,,Y,,,,,,,,,,,,,,,,,
あすなろ幼稚園,あすなろ幼稚園,,私立,,,,幼稚園,,浜松市南区遠州浜一丁目10番2号,,34.657024,137.761294,https://www.hamamatsu-pippi.net/shiritai/you_shiritsu_jurai/2014021909974/,053-425-2433,,180,満3歳児保育あり,,9:00,17:00,,,Y,,,,,,,,,,,,,,,,,
美波幼稚園,美波幼稚園,,私立,,,,幼稚園,,浜松市南区大柳町50番地,,34.678358,137.753880,https://www.hamamatsu-pippi.net/shiritai/you_shiritsu_jurai/2014021909981/,053-444-3735,,200,満3歳児保育あり,,8:00,17:30,,,Y,,,,,,,,,,,,,,,,,
追分幼稚園,追分幼稚園,,私立,,,,幼稚園,,浜松市中区葵東二丁目10番23号,,34.760404,137.723913,https://www.hamamatsu-pippi.net/shiritai/you_shiritsu_jurai/2014021909790/,053-437-2831,,320,満3歳児保育あり,,8:00,17:30,,,Y,,,,,,,,,,,,,,,,,
篠ケ瀬幼稚園,篠ケ瀬幼稚園,,私立,,,,幼稚園,,浜松市東区篠ケ瀬町286番地,,34.728841,137.773077,https://www.hamamatsu-pippi.net/shiritai/you_shiritsu_jurai/2014021909868/,053-464-8424,,200,満3歳児保育あり,,8:00,17:30,,,Y,,,,,,,,,,,,,,,,,
気賀幼稚園,気賀幼稚園,,私立,,,,幼稚園,,浜松市北区細江町気賀997番地の1,,34.809983,137.652658,https://www.hamamatsu-pippi.net/shiritai/you_shiritsu_jurai/2014021910055/,053-522-0313,,180,満3歳児保育あり,,9:30,18:00,,,Y,,,,,,,,,,,,,,,,,
北浜幼稚園,北浜幼稚園,,私立,,,,幼稚園,,浜松市浜北区貴布祢409番地,,34.795238,137.785763,https://www.hamamatsu-pippi.net/shiritai/you_shiritsu_jurai/2014021910079/,053-586-2855,,700,満3歳児保育あり,,7:30,18:30,,,Y,,,,,,,,,,,,,,,,,
佐鳴台入野幼稚園,佐鳴台入野幼稚園,,私立,,,,幼稚園,,浜松市中区佐鳴台二丁目26番1号,,34.704246,137.693586,https://www.hamamatsu-pippi.net/shiritai/you_shiritsu_jurai/2014021909714/,053-448-7190,,210,満3歳児保育あり,,9:30,17:30,,,Y,,,,,,,,,,,,,,,,,
平成幼稚園,平成幼稚園,,私立,,,,幼稚園,,浜松市中区高丘北三丁目16番14号,,34.763401,137.703372,https://www.hamamatsu-pippi.net/shiritai/you_shiritsu_jurai/2014021909837/,053-438-2800,,360,満3歳児保育あり,,8:15,17:30,,,Y,,,,,,,,,,,,,,,,,
三松幼稚園,三松幼稚園,,私立,,,,幼稚園,,浜松市北区三ヶ日町三ヶ日432番地,,34.808923,137.555537,https://www.hamamatsu-pippi.net/shiritai/you_shiritsu_jurai/2014021910062/,053-525-3434,,160,満3歳児保育あり,,8:00,17:40,,,Y,,,,,,,,,,,,,,,,,
天王幼稚園,天王幼稚園,,私立,,,,幼稚園,,浜松市東区天王町943番地,,34.734023,137.776428,https://www.hamamatsu-pippi.net/shiritai/you_shiritsu/2014021909875/,053-421-6979,,300,満3歳児保育あり,,8:00,17:30,,,Y,,,,,,,,,,,,,,,,,
花園幼稚園,花園幼稚園,,私立,,,,幼稚園,,浜松市西区篠原町9376番地,,34.688105,137.658032,https://www.hamamatsu-pippi.net/shiritai/you_shiritsu_jurai/2014021909936/,053-447-2336,,360,満3歳児保育あり,,7:30,17:00,,,Y,,,,,,,,,,,,,,,,,
湖東幼稚園,湖東幼稚園,,私立,,,,幼稚園,,浜松市西区湖東町1169番地の179,,34.762664,137.664525,https://www.hamamatsu-pippi.net/shiritai/you_shiritsu_jurai/2014021909899/,053-486-1010,,270,満3歳児保育あり,,7:30,17:30,,,Y,,,,,,,,,,,,,,,,,
日本文教幼稚園,日本文教幼稚園,,私立,,,,幼稚園,,浜松市中区常盤町141番地の20,,34.710798,137.732605,https://www.hamamatsu-pippi.net/shiritai/you_shiritsu_jurai/2014021909677/,053-452-5511,,100,満3歳児保育あり,,7:30,18:30,,,Y,,,,,,,,,,,,,,,,,
浜松海の星幼稚園,浜松海の星幼稚園,,私立,,,,幼稚園,,浜松市中区蜆塚三丁目14番3号,,34.715002,137.707792,https://www.hamamatsu-pippi.net/shiritai/you_shiritsu_jurai/2014021909639/,053-455-3641,,174,満3歳児保育あり,,7:30,18:00,,,Y,,,,,,,,,,,,,,,,,
海の星鷺の宮幼稚園,海の星鷺の宮幼稚園,,私立,,,,幼稚園,,浜松市東区大瀬町27番地の32,,34.754800,137.764595,https://www.hamamatsu-pippi.net/shiritai/you_shiritsu_jurai/2014021909882/,053-434-0051,,180,満3歳児保育あり,,8:00,18:00,,,Y,,,,,,,,,,,,,,,,,
旭ヶ丘幼稚園,旭ヶ丘幼稚園,,私立,,,,幼稚園,,浜松市北区初生町1139番地,,34.771445,137.731078,https://www.hamamatsu-pippi.net/shiritai/you_shiritsu_jurai/2014021910024/,053-437-4873,,440,,,7:00,18:00,,,Y,,,,,,,,,,,,,,,,,
浜名幼稚園,浜名幼稚園,,私立,,,,幼稚園,,浜松市西区舞阪町浜田76番地,,34.682761,137.615704,https://www.hamamatsu-pippi.net/shiritai/you_shiritsu_jurai/2014021909950/,053-592-0850,,60,満3歳児保育あり,,8:00,18:00,,,Y,,,,,,,,,,,,,,,,,
水窪幼稚園,水窪幼稚園,,私立,,,,幼稚園,,浜松市天竜区水窪町奥領家3184番地,,35.167631,137.866492,https://www.hamamatsu-pippi.net/shiritai/you_shiritsu_jurai/2014021910086/,053-987-0769,,15,満3歳児保育あり,,7:30,17:00,,,Y,,,,,,,,,,,,,,,,,
